#TradeId,IsPar,Factor_1,ShiftSize_1,Factor_2,ShiftSize_2,Currency,Base NPV,Delta,Gamma,Currency(Trade),Base NPV(Trade),Delta(Trade),Gamma(Trade)
CAP_EUR,true,DiscountCurve/EUR/0/2W,0.000100,,0.000000,EUR,-7179.57,0.01,#N/A,EUR,-7179.57,0.01,#N/A
CAP_EUR,true,DiscountCurve/EUR/3/6M,0.000100,,0.000000,EUR,-7179.57,0.00,#N/A,EUR,-7179.57,0.00,#N/A
CAP_EUR,true,DiscountCurve/EUR/5/1Y,0.000100,,0.000000,EUR,-7179.57,0.07,#N/A,EUR,-7179.57,0.07,#N/A
CAP_EUR,true,DiscountCurve/EUR/6/2Y,0.000100,,0.000000,EUR,-7179.57,0.14,#N/A,EUR,-7179.57,0.14,#N/A
CAP_EUR,true,DiscountCurve/EUR/7/3Y,0.000100,,0.000000,EUR,-7179.57,0.21,#N/A,EUR,-7179.57,0.21,#N/A
CAP_EUR,true,DiscountCurve/EUR/8/4Y,0.000100,,0.000000,EUR,-7179.57,0.28,#N/A,EUR,-7179.57,0.28,#N/A
CAP_EUR,true,DiscountCurve/EUR/9/5Y,0.000100,,0.000000,EUR,-7179.57,0.50,#N/A,EUR,-7179.57,0.50,#N/A
CAP_EUR,true,DiscountCurve/EUR/10/7Y,0.000100,,0.000000,EUR,-7179.57,1.14,#N/A,EUR,-7179.57,1.14,#N/A
CAP_EUR,true,DiscountCurve/EUR/11/10Y,0.000100,,0.000000,EUR,-7179.57,1.90,#N/A,EUR,-7179.57,1.90,#N/A
CAP_EUR,true,IndexCurve/EUR-EURIBOR-6M/0/2W,0.000100,,0.000000,EUR,-7179.57,-0.01,#N/A,EUR,-7179.57,-0.01,#N/A
CAP_EUR,true,IndexCurve/EUR-EURIBOR-6M/3/6M,0.000100,,0.000000,EUR,-7179.57,0.00,#N/A,EUR,-7179.57,0.00,#N/A
CAP_EUR,true,IndexCurve/EUR-EURIBOR-6M/5/1Y,0.000100,,0.000000,EUR,-7179.57,-0.01,#N/A,EUR,-7179.57,-0.01,#N/A
CAP_EUR,true,IndexCurve/EUR-EURIBOR-6M/6/2Y,0.000100,,0.000000,EUR,-7179.57,0.27,#N/A,EUR,-7179.57,0.27,#N/A
CAP_EUR,true,IndexCurve/EUR-EURIBOR-6M/7/3Y,0.000100,,0.000000,EUR,-7179.57,2.09,#N/A,EUR,-7179.57,2.09,#N/A
CAP_EUR,true,IndexCurve/EUR-EURIBOR-6M/8/4Y,0.000100,,0.000000,EUR,-7179.57,5.86,#N/A,EUR,-7179.57,5.86,#N/A
CAP_EUR,true,IndexCurve/EUR-EURIBOR-6M/9/5Y,0.000100,,0.000000,EUR,-7179.57,20.44,#N/A,EUR,-7179.57,20.44,#N/A
CAP_EUR,true,IndexCurve/EUR-EURIBOR-6M/10/7Y,0.000100,,0.000000,EUR,-7179.57,57.88,#N/A,EUR,-7179.57,57.88,#N/A
CAP_EUR,true,IndexCurve/EUR-EURIBOR-6M/11/10Y,0.000100,,0.000000,EUR,-7179.57,-151.21,#N/A,EUR,-7179.57,-151.21,#N/A
CAP_EUR,true,OptionletVolatility/EUR/3/1Y/0.04,0.000100,,0.000000,EUR,-7179.57,-1.11,#N/A,EUR,-7179.57,-1.11,#N/A
CAP_EUR,true,OptionletVolatility/EUR/8/2Y/0.04,0.000100,,0.000000,EUR,-7179.57,2.09,#N/A,EUR,-7179.57,2.09,#N/A
CAP_EUR,true,OptionletVolatility/EUR/13/3Y/0.04,0.000000,,0.000000,EUR,-7179.57,-1.50,#N/A,EUR,-7179.57,-1.50,#N/A
CAP_EUR,true,OptionletVolatility/EUR/18/5Y/0.04,0.000100,,0.000000,EUR,-7179.57,1.22,#N/A,EUR,-7179.57,1.22,#N/A
CAP_EUR,true,OptionletVolatility/EUR/23/7Y/0.04,0.000100,,0.000000,EUR,-7179.57,-0.86,#N/A,EUR,-7179.57,-0.86,#N/A
CAP_EUR,true,OptionletVolatility/EUR/28/10Y/0.04,0.000000,,0.000000,EUR,-7179.57,-279.58,#N/A,EUR,-7179.57,-279.58,#N/A
CAP_USD,true,DiscountCurve/EUR/0/2W,0.000100,,0.000000,EUR,-12692.72,0.01,#N/A,USD,-14372.43,0.02,#N/A
CAP_USD,true,DiscountCurve/EUR/1/1M,0.000100,,0.000000,EUR,-12692.72,0.00,#N/A,USD,-14372.43,0.00,#N/A
CAP_USD,true,DiscountCurve/EUR/2/3M,0.000100,,0.000000,EUR,-12692.72,0.00,#N/A,USD,-14372.43,0.00,#N/A
CAP_USD,true,DiscountCurve/EUR/3/6M,0.000100,,0.000000,EUR,-12692.72,0.02,#N/A,USD,-14372.43,0.02,#N/A
CAP_USD,true,DiscountCurve/EUR/4/9M,0.000100,,0.000000,EUR,-12692.72,0.00,#N/A,USD,-14372.43,0.00,#N/A
CAP_USD,true,DiscountCurve/EUR/5/1Y,0.000100,,0.000000,EUR,-12692.72,0.08,#N/A,USD,-14372.43,0.09,#N/A
CAP_USD,true,DiscountCurve/EUR/6/2Y,0.000100,,0.000000,EUR,-12692.72,0.20,#N/A,USD,-14372.43,0.23,#N/A
CAP_USD,true,DiscountCurve/EUR/7/3Y,0.000100,,0.000000,EUR,-12692.72,0.30,#N/A,USD,-14372.43,0.33,#N/A
CAP_USD,true,DiscountCurve/EUR/8/4Y,0.000100,,0.000000,EUR,-12692.72,0.41,#N/A,USD,-14372.43,0.46,#N/A
CAP_USD,true,DiscountCurve/EUR/9/5Y,0.000100,,0.000000,EUR,-12692.72,0.84,#N/A,USD,-14372.43,0.95,#N/A
CAP_USD,true,DiscountCurve/EUR/10/7Y,0.000100,,0.000000,EUR,-12692.72,2.49,#N/A,USD,-14372.43,2.82,#N/A
CAP_USD,true,DiscountCurve/EUR/11/10Y,0.000100,,0.000000,EUR,-12692.72,3.46,#N/A,USD,-14372.43,3.91,#N/A
CAP_USD,true,DiscountCurve/USD/0/2W,0.000100,,0.000000,EUR,-12692.72,0.32,#N/A,USD,-14372.43,0.36,#N/A
CAP_USD,true,DiscountCurve/USD/2/3M,0.000100,,0.000000,EUR,-12692.72,0.00,#N/A,USD,-14372.43,0.00,#N/A
CAP_USD,true,DiscountCurve/USD/3/6M,0.000100,,0.000000,EUR,-12692.72,0.04,#N/A,USD,-14372.43,0.05,#N/A
CAP_USD,true,DiscountCurve/USD/4/9M,0.000100,,0.000000,EUR,-12692.72,0.00,#N/A,USD,-14372.43,0.00,#N/A
CAP_USD,true,DiscountCurve/USD/5/1Y,0.000100,,0.000000,EUR,-12692.72,-0.07,#N/A,USD,-14372.43,-0.08,#N/A
CAP_USD,true,DiscountCurve/USD/6/2Y,0.000100,,0.000000,EUR,-12692.72,-0.20,#N/A,USD,-14372.43,-0.22,#N/A
CAP_USD,true,DiscountCurve/USD/7/3Y,0.000100,,0.000000,EUR,-12692.72,-0.29,#N/A,USD,-14372.43,-0.33,#N/A
CAP_USD,true,DiscountCurve/USD/8/4Y,0.000100,,0.000000,EUR,-12692.72,-0.41,#N/A,USD,-14372.43,-0.46,#N/A
CAP_USD,true,DiscountCurve/USD/9/5Y,0.000100,,0.000000,EUR,-12692.72,-0.83,#N/A,USD,-14372.43,-0.94,#N/A
CAP_USD,true,DiscountCurve/USD/10/7Y,0.000100,,0.000000,EUR,-12692.72,-2.50,#N/A,USD,-14372.43,-2.83,#N/A
CAP_USD,true,DiscountCurve/USD/11/10Y,0.000100,,0.000000,EUR,-12692.72,-3.47,#N/A,USD,-14372.43,-3.93,#N/A
CAP_USD,true,IndexCurve/EUR-EURIBOR-3M/4/9M,0.000100,,0.000000,EUR,-12692.72,0.00,#N/A,USD,-14372.43,0.00,#N/A
CAP_USD,true,IndexCurve/EUR-EURIBOR-3M/5/1Y,0.000100,,0.000000,EUR,-12692.72,-0.07,#N/A,USD,-14372.43,-0.08,#N/A
CAP_USD,true,IndexCurve/EUR-EURIBOR-3M/6/2Y,0.000100,,0.000000,EUR,-12692.72,-0.19,#N/A,USD,-14372.43,-0.22,#N/A
CAP_USD,true,IndexCurve/EUR-EURIBOR-3M/7/3Y,0.000100,,0.000000,EUR,-12692.72,-0.29,#N/A,USD,-14372.43,-0.33,#N/A
CAP_USD,true,IndexCurve/EUR-EURIBOR-3M/8/4Y,0.000100,,0.000000,EUR,-12692.72,-0.40,#N/A,USD,-14372.43,-0.45,#N/A
CAP_USD,true,IndexCurve/EUR-EURIBOR-3M/9/5Y,0.000100,,0.000000,EUR,-12692.72,-0.82,#N/A,USD,-14372.43,-0.93,#N/A
CAP_USD,true,IndexCurve/EUR-EURIBOR-3M/10/7Y,0.000100,,0.000000,EUR,-12692.72,-2.46,#N/A,USD,-14372.43,-2.78,#N/A
CAP_USD,true,IndexCurve/EUR-EURIBOR-3M/11/10Y,0.000100,,0.000000,EUR,-12692.72,-3.41,#N/A,USD,-14372.43,-3.86,#N/A
CAP_USD,true,IndexCurve/USD-LIBOR-3M/0/2W,0.000100,,0.000000,EUR,-12692.72,-0.01,#N/A,USD,-14372.43,-0.01,#N/A
CAP_USD,true,IndexCurve/USD-LIBOR-3M/2/3M,0.000100,,0.000000,EUR,-12692.72,0.00,#N/A,USD,-14372.43,0.00,#N/A
CAP_USD,true,IndexCurve/USD-LIBOR-3M/3/6M,0.000100,,0.000000,EUR,-12692.72,0.00,#N/A,USD,-14372.43,0.00,#N/A
CAP_USD,true,IndexCurve/USD-LIBOR-3M/4/9M,0.000100,,0.000000,EUR,-12692.72,0.00,#N/A,USD,-14372.43,0.00,#N/A
CAP_USD,true,IndexCurve/USD-LIBOR-3M/5/1Y,0.000100,,0.000000,EUR,-12692.72,0.27,#N/A,USD,-14372.43,0.31,#N/A
CAP_USD,true,IndexCurve/USD-LIBOR-3M/6/2Y,0.000100,,0.000000,EUR,-12692.72,3.27,#N/A,USD,-14372.43,3.70,#N/A
CAP_USD,true,IndexCurve/USD-LIBOR-3M/7/3Y,0.000100,,0.000000,EUR,-12692.72,9.48,#N/A,USD,-14372.43,10.73,#N/A
CAP_USD,true,IndexCurve/USD-LIBOR-3M/8/4Y,0.000100,,0.000000,EUR,-12692.72,14.92,#N/A,USD,-14372.43,16.90,#N/A
CAP_USD,true,IndexCurve/USD-LIBOR-3M/9/5Y,0.000100,,0.000000,EUR,-12692.72,25.42,#N/A,USD,-14372.43,28.79,#N/A
CAP_USD,true,IndexCurve/USD-LIBOR-3M/10/7Y,0.000100,,0.000000,EUR,-12692.72,48.54,#N/A,USD,-14372.43,54.96,#N/A
CAP_USD,true,IndexCurve/USD-LIBOR-3M/11/10Y,0.000100,,0.000000,EUR,-12692.72,-196.40,#N/A,USD,-14372.43,-222.39,#N/A
CAP_USD,true,OptionletVolatility/USD/3/1Y/0.04,0.000100,,0.000000,EUR,-12692.72,-0.10,#N/A,USD,-14372.43,-0.12,#N/A
CAP_USD,true,OptionletVolatility/USD/8/2Y/0.04,0.000100,,0.000000,EUR,-12692.72,0.29,#N/A,USD,-14372.43,0.33,#N/A
CAP_USD,true,OptionletVolatility/USD/13/3Y/0.04,0.000000,,0.000000,EUR,-12692.72,-0.37,#N/A,USD,-14372.43,-0.41,#N/A
CAP_USD,true,OptionletVolatility/USD/18/5Y/0.04,0.000100,,0.000000,EUR,-12692.72,0.55,#N/A,USD,-14372.43,0.62,#N/A
CAP_USD,true,OptionletVolatility/USD/23/7Y/0.04,0.000100,,0.000000,EUR,-12692.72,-0.43,#N/A,USD,-14372.43,-0.49,#N/A
CAP_USD,true,OptionletVolatility/USD/28/10Y/0.04,0.000000,,0.000000,EUR,-12692.72,-358.21,#N/A,USD,-14372.43,-405.61,#N/A
CAP_USD,true,FXSpot/USDEUR/0/spot,0.008831,,0.000000,EUR,-12692.72,-126.93,#N/A,USD,-14372.43,-143.72,#N/A
CC_SWAP_EUR_USD,true,DiscountCurve/EUR/0/2W,0.000100,,0.000000,EUR,402556.81,-0.48,#N/A,USD,455829.97,-0.54,#N/A
CC_SWAP_EUR_USD,true,DiscountCurve/EUR/1/1M,0.000100,,0.000000,EUR,402556.81,-0.11,#N/A,USD,455829.97,-0.13,#N/A
CC_SWAP_EUR_USD,true,DiscountCurve/EUR/2/3M,0.000100,,0.000000,EUR,402556.81,-6.45,#N/A,USD,455829.97,-7.31,#N/A
CC_SWAP_EUR_USD,true,DiscountCurve/EUR/3/6M,0.000100,,0.000000,EUR,402556.81,-16.89,#N/A,USD,455829.97,-19.13,#N/A
CC_SWAP_EUR_USD,true,DiscountCurve/EUR/4/9M,0.000100,,0.000000,EUR,402556.81,-26.61,#N/A,USD,455829.97,-30.13,#N/A
CC_SWAP_EUR_USD,true,DiscountCurve/EUR/5/1Y,0.000100,,0.000000,EUR,402556.81,-117.53,#N/A,USD,455829.97,-133.08,#N/A
CC_SWAP_EUR_USD,true,DiscountCurve/EUR/6/2Y,0.000100,,0.000000,EUR,402556.81,-405.03,#N/A,USD,455829.97,-458.63,#N/A
CC_SWAP_EUR_USD,true,DiscountCurve/EUR/7/3Y,0.000100,,0.000000,EUR,402556.81,-604.46,#N/A,USD,455829.97,-684.46,#N/A
CC_SWAP_EUR_USD,true,DiscountCurve/EUR/8/4Y,0.000100,,0.000000,EUR,402556.81,-799.09,#N/A,USD,455829.97,-904.84,#N/A
CC_SWAP_EUR_USD,true,DiscountCurve/EUR/9/5Y,0.000100,,0.000000,EUR,402556.81,-1388.95,#N/A,USD,455829.97,-1572.76,#N/A
CC_SWAP_EUR_USD,true,DiscountCurve/EUR/10/7Y,0.000100,,0.000000,EUR,402556.81,-2713.82,#N/A,USD,455829.97,-3072.96,#N/A
CC_SWAP_EUR_USD,true,DiscountCurve/EUR/11/10Y,0.000100,,0.000000,EUR,402556.81,14240.37,#N/A,USD,455829.97,16124.90,#N/A
CC_SWAP_EUR_USD,true,DiscountCurve/USD/0/2W,0.000100,,0.000000,EUR,402556.81,22.41,#N/A,USD,455829.97,25.38,#N/A
CC_SWAP_EUR_USD,true,DiscountCurve/USD/2/3M,0.000100,,0.000000,EUR,402556.81,-18.59,#N/A,USD,455829.97,-21.05,#N/A
CC_SWAP_EUR_USD,true,DiscountCurve/USD/3/6M,0.000100,,0.000000,EUR,402556.81,-26.83,#N/A,USD,455829.97,-30.38,#N/A
CC_SWAP_EUR_USD,true,DiscountCurve/USD/4/9M,0.000100,,0.000000,EUR,402556.81,-25.06,#N/A,USD,455829.97,-28.38,#N/A
CC_SWAP_EUR_USD,true,DiscountCurve/USD/5/1Y,0.000100,,0.000000,EUR,402556.81,75.54,#N/A,USD,455829.97,85.54,#N/A
CC_SWAP_EUR_USD,true,DiscountCurve/USD/6/2Y,0.000100,,0.000000,EUR,402556.81,284.36,#N/A,USD,455829.97,321.99,#N/A
CC_SWAP_EUR_USD,true,DiscountCurve/USD/7/3Y,0.000100,,0.000000,EUR,402556.81,431.27,#N/A,USD,455829.97,488.34,#N/A
CC_SWAP_EUR_USD,true,DiscountCurve/USD/8/4Y,0.000100,,0.000000,EUR,402556.81,598.02,#N/A,USD,455829.97,677.16,#N/A
CC_SWAP_EUR_USD,true,DiscountCurve/USD/9/5Y,0.000100,,0.000000,EUR,402556.81,971.57,#N/A,USD,455829.97,1100.15,#N/A
CC_SWAP_EUR_USD,true,DiscountCurve/USD/10/7Y,0.000100,,0.000000,EUR,402556.81,1885.36,#N/A,USD,455829.97,2134.86,#N/A
CC_SWAP_EUR_USD,true,DiscountCurve/USD/11/10Y,0.000100,,0.000000,EUR,402556.81,86310.73,#N/A,USD,455829.97,97732.83,#N/A
CC_SWAP_EUR_USD,true,IndexCurve/EUR-EURIBOR-3M/0/2W,0.000100,,0.000000,EUR,402556.81,0.00,#N/A,USD,455829.97,0.00,#N/A
CC_SWAP_EUR_USD,true,IndexCurve/EUR-EURIBOR-3M/2/3M,0.000100,,0.000000,EUR,402556.81,0.00,#N/A,USD,455829.97,0.00,#N/A
CC_SWAP_EUR_USD,true,IndexCurve/EUR-EURIBOR-3M/3/6M,0.000100,,0.000000,EUR,402556.81,0.00,#N/A,USD,455829.97,0.00,#N/A
CC_SWAP_EUR_USD,true,IndexCurve/EUR-EURIBOR-3M/4/9M,0.000100,,0.000000,EUR,402556.81,0.00,#N/A,USD,455829.97,0.00,#N/A
CC_SWAP_EUR_USD,true,IndexCurve/EUR-EURIBOR-3M/5/1Y,0.000100,,0.000000,EUR,402556.81,74.40,#N/A,USD,455829.97,84.25,#N/A
CC_SWAP_EUR_USD,true,IndexCurve/EUR-EURIBOR-3M/6/2Y,0.000100,,0.000000,EUR,402556.81,280.47,#N/A,USD,455829.97,317.59,#N/A
CC_SWAP_EUR_USD,true,IndexCurve/EUR-EURIBOR-3M/7/3Y,0.000100,,0.000000,EUR,402556.81,425.50,#N/A,USD,455829.97,481.81,#N/A
CC_SWAP_EUR_USD,true,IndexCurve/EUR-EURIBOR-3M/8/4Y,0.000100,,0.000000,EUR,402556.81,590.01,#N/A,USD,455829.97,668.09,#N/A
CC_SWAP_EUR_USD,true,IndexCurve/EUR-EURIBOR-3M/9/5Y,0.000100,,0.000000,EUR,402556.81,957.88,#N/A,USD,455829.97,1084.64,#N/A
CC_SWAP_EUR_USD,true,IndexCurve/EUR-EURIBOR-3M/10/7Y,0.000100,,0.000000,EUR,402556.81,1857.76,#N/A,USD,455829.97,2103.61,#N/A
CC_SWAP_EUR_USD,true,IndexCurve/EUR-EURIBOR-3M/11/10Y,0.000100,,0.000000,EUR,402556.81,-14621.06,#N/A,USD,455829.97,-16555.96,#N/A
CC_SWAP_EUR_USD,true,IndexCurve/USD-LIBOR-3M/0/2W,0.000100,,0.000000,EUR,402556.81,0.00,#N/A,USD,455829.97,0.00,#N/A
CC_SWAP_EUR_USD,true,IndexCurve/USD-LIBOR-3M/2/3M,0.000100,,0.000000,EUR,402556.81,6.41,#N/A,USD,455829.97,7.26,#N/A
CC_SWAP_EUR_USD,true,IndexCurve/USD-LIBOR-3M/3/6M,0.000100,,0.000000,EUR,402556.81,15.34,#N/A,USD,455829.97,17.37,#N/A
CC_SWAP_EUR_USD,true,IndexCurve/USD-LIBOR-3M/4/9M,0.000100,,0.000000,EUR,402556.81,25.11,#N/A,USD,455829.97,28.43,#N/A
CC_SWAP_EUR_USD,true,IndexCurve/USD-LIBOR-3M/5/1Y,0.000100,,0.000000,EUR,402556.81,34.40,#N/A,USD,455829.97,38.96,#N/A
CC_SWAP_EUR_USD,true,IndexCurve/USD-LIBOR-3M/6/2Y,0.000100,,0.000000,EUR,402556.81,102.34,#N/A,USD,455829.97,115.89,#N/A
CC_SWAP_EUR_USD,true,IndexCurve/USD-LIBOR-3M/7/3Y,0.000100,,0.000000,EUR,402556.81,147.22,#N/A,USD,455829.97,166.70,#N/A
CC_SWAP_EUR_USD,true,IndexCurve/USD-LIBOR-3M/8/4Y,0.000100,,0.000000,EUR,402556.81,167.59,#N/A,USD,455829.97,189.77,#N/A
CC_SWAP_EUR_USD,true,IndexCurve/USD-LIBOR-3M/9/5Y,0.000100,,0.000000,EUR,402556.81,364.14,#N/A,USD,455829.97,412.32,#N/A
CC_SWAP_EUR_USD,true,IndexCurve/USD-LIBOR-3M/10/7Y,0.000100,,0.000000,EUR,402556.81,722.35,#N/A,USD,455829.97,817.94,#N/A
CC_SWAP_EUR_USD,true,IndexCurve/USD-LIBOR-3M/11/10Y,0.000100,,0.000000,EUR,402556.81,533.50,#N/A,USD,455829.97,604.10,#N/A
CC_SWAP_EUR_USD,true,FXSpot/USDEUR/0/spot,0.008831,,0.000000,EUR,402556.81,-43623.19,#N/A,USD,455829.97,-49396.15,#N/A
CC_SWAP_EUR_USD_RESET,true,DiscountCurve/EUR/0/2W,0.000100,,0.000000,EUR,-19562823.23,21.67,#N/A,USD,-22151708.57,24.54,#N/A
CC_SWAP_EUR_USD_RESET,true,DiscountCurve/EUR/1/1M,0.000100,,0.000000,EUR,-19562823.23,-0.08,#N/A,USD,-22151708.57,-0.09,#N/A
CC_SWAP_EUR_USD_RESET,true,DiscountCurve/EUR/2/3M,0.000100,,0.000000,EUR,-19562823.23,-0.56,#N/A,USD,-22151708.57,-0.63,#N/A
CC_SWAP_EUR_USD_RESET,true,DiscountCurve/EUR/3/6M,0.000100,,0.000000,EUR,-19562823.23,46.47,#N/A,USD,-22151708.57,52.62,#N/A
CC_SWAP_EUR_USD_RESET,true,DiscountCurve/EUR/4/9M,0.000100,,0.000000,EUR,-19562823.23,-7.12,#N/A,USD,-22151708.57,-8.07,#N/A
CC_SWAP_EUR_USD_RESET,true,DiscountCurve/EUR/5/1Y,0.000100,,0.000000,EUR,-19562823.23,164.22,#N/A,USD,-22151708.57,185.95,#N/A
CC_SWAP_EUR_USD_RESET,true,DiscountCurve/EUR/6/2Y,0.000100,,0.000000,EUR,-19562823.23,432.19,#N/A,USD,-22151708.57,489.38,#N/A
CC_SWAP_EUR_USD_RESET,true,DiscountCurve/EUR/7/3Y,0.000100,,0.000000,EUR,-19562823.23,629.05,#N/A,USD,-22151708.57,712.29,#N/A
CC_SWAP_EUR_USD_RESET,true,DiscountCurve/EUR/8/4Y,0.000100,,0.000000,EUR,-19562823.23,820.84,#N/A,USD,-22151708.57,929.47,#N/A
CC_SWAP_EUR_USD_RESET,true,DiscountCurve/EUR/9/5Y,0.000100,,0.000000,EUR,-19562823.23,1488.30,#N/A,USD,-22151708.57,1685.25,#N/A
CC_SWAP_EUR_USD_RESET,true,DiscountCurve/EUR/10/7Y,0.000100,,0.000000,EUR,-19562823.23,3337.58,#N/A,USD,-22151708.57,3779.27,#N/A
CC_SWAP_EUR_USD_RESET,true,DiscountCurve/EUR/11/10Y,0.000100,,0.000000,EUR,-19562823.23,3367.68,#N/A,USD,-22151708.57,3813.35,#N/A
CC_SWAP_EUR_USD_RESET,true,DiscountCurve/USD/0/2W,0.000100,,0.000000,EUR,-19562823.23,-2196.41,#N/A,USD,-22151708.57,-2487.08,#N/A
CC_SWAP_EUR_USD_RESET,true,DiscountCurve/USD/2/3M,0.000100,,0.000000,EUR,-19562823.23,-13.67,#N/A,USD,-22151708.57,-15.48,#N/A
CC_SWAP_EUR_USD_RESET,true,DiscountCurve/USD/3/6M,0.000100,,0.000000,EUR,-19562823.23,45.02,#N/A,USD,-22151708.57,50.98,#N/A
CC_SWAP_EUR_USD_RESET,true,DiscountCurve/USD/4/9M,0.000100,,0.000000,EUR,-19562823.23,-16.20,#N/A,USD,-22151708.57,-18.35,#N/A
CC_SWAP_EUR_USD_RESET,true,DiscountCurve/USD/5/1Y,0.000100,,0.000000,EUR,-19562823.23,-60.14,#N/A,USD,-22151708.57,-68.10,#N/A
CC_SWAP_EUR_USD_RESET,true,DiscountCurve/USD/6/2Y,0.000100,,0.000000,EUR,-19562823.23,-90.72,#N/A,USD,-22151708.57,-102.73,#N/A
CC_SWAP_EUR_USD_RESET,true,DiscountCurve/USD/7/3Y,0.000100,,0.000000,EUR,-19562823.23,-135.47,#N/A,USD,-22151708.57,-153.40,#N/A
CC_SWAP_EUR_USD_RESET,true,DiscountCurve/USD/8/4Y,0.000100,,0.000000,EUR,-19562823.23,-156.44,#N/A,USD,-22151708.57,-177.14,#N/A
CC_SWAP_EUR_USD_RESET,true,DiscountCurve/USD/9/5Y,0.000100,,0.000000,EUR,-19562823.23,-327.49,#N/A,USD,-22151708.57,-370.83,#N/A
CC_SWAP_EUR_USD_RESET,true,DiscountCurve/USD/10/7Y,0.000100,,0.000000,EUR,-19562823.23,-731.16,#N/A,USD,-22151708.57,-827.92,#N/A
CC_SWAP_EUR_USD_RESET,true,DiscountCurve/USD/11/10Y,0.000100,,0.000000,EUR,-19562823.23,74115.75,#N/A,USD,-22151708.57,83924.00,#N/A
CC_SWAP_EUR_USD_RESET,true,IndexCurve/EUR-EURIBOR-3M/0/2W,0.000100,,0.000000,EUR,-19562823.23,0.00,#N/A,USD,-22151708.57,0.00,#N/A
CC_SWAP_EUR_USD_RESET,true,IndexCurve/EUR-EURIBOR-3M/2/3M,0.000100,,0.000000,EUR,-19562823.23,0.00,#N/A,USD,-22151708.57,0.00,#N/A
CC_SWAP_EUR_USD_RESET,true,IndexCurve/EUR-EURIBOR-3M/3/6M,0.000100,,0.000000,EUR,-19562823.23,0.00,#N/A,USD,-22151708.57,0.00,#N/A
CC_SWAP_EUR_USD_RESET,true,IndexCurve/EUR-EURIBOR-3M/4/9M,0.000100,,0.000000,EUR,-19562823.23,0.00,#N/A,USD,-22151708.57,0.00,#N/A
CC_SWAP_EUR_USD_RESET,true,IndexCurve/EUR-EURIBOR-3M/5/1Y,0.000100,,0.000000,EUR,-19562823.23,-59.23,#N/A,USD,-22151708.57,-67.07,#N/A
CC_SWAP_EUR_USD_RESET,true,IndexCurve/EUR-EURIBOR-3M/6/2Y,0.000100,,0.000000,EUR,-19562823.23,-89.48,#N/A,USD,-22151708.57,-101.32,#N/A
CC_SWAP_EUR_USD_RESET,true,IndexCurve/EUR-EURIBOR-3M/7/3Y,0.000100,,0.000000,EUR,-19562823.23,-133.66,#N/A,USD,-22151708.57,-151.35,#N/A
CC_SWAP_EUR_USD_RESET,true,IndexCurve/EUR-EURIBOR-3M/8/4Y,0.000100,,0.000000,EUR,-19562823.23,-154.34,#N/A,USD,-22151708.57,-174.77,#N/A
CC_SWAP_EUR_USD_RESET,true,IndexCurve/EUR-EURIBOR-3M/9/5Y,0.000100,,0.000000,EUR,-19562823.23,-322.87,#N/A,USD,-22151708.57,-365.60,#N/A
CC_SWAP_EUR_USD_RESET,true,IndexCurve/EUR-EURIBOR-3M/10/7Y,0.000100,,0.000000,EUR,-19562823.23,-720.46,#N/A,USD,-22151708.57,-815.81,#N/A
CC_SWAP_EUR_USD_RESET,true,IndexCurve/EUR-EURIBOR-3M/11/10Y,0.000100,,0.000000,EUR,-19562823.23,72933.96,#N/A,USD,-22151708.57,82585.83,#N/A
CC_SWAP_EUR_USD_RESET,true,IndexCurve/EUR-EURIBOR-6M/0/2W,0.000100,,0.000000,EUR,-19562823.23,0.00,#N/A,USD,-22151708.57,0.00,#N/A
CC_SWAP_EUR_USD_RESET,true,IndexCurve/EUR-EURIBOR-6M/2/3M,0.000100,,0.000000,EUR,-19562823.23,95.71,#N/A,USD,-22151708.57,108.37,#N/A
CC_SWAP_EUR_USD_RESET,true,IndexCurve/EUR-EURIBOR-6M/3/6M,0.000100,,0.000000,EUR,-19562823.23,4251.36,#N/A,USD,-22151708.57,4813.97,#N/A
CC_SWAP_EUR_USD_RESET,true,IndexCurve/EUR-EURIBOR-6M/4/9M,0.000100,,0.000000,EUR,-19562823.23,-1.18,#N/A,USD,-22151708.57,-1.33,#N/A
CC_SWAP_EUR_USD_RESET,true,IndexCurve/EUR-EURIBOR-6M/5/1Y,0.000100,,0.000000,EUR,-19562823.23,-108.43,#N/A,USD,-22151708.57,-122.77,#N/A
CC_SWAP_EUR_USD_RESET,true,IndexCurve/EUR-EURIBOR-6M/6/2Y,0.000100,,0.000000,EUR,-19562823.23,-351.21,#N/A,USD,-22151708.57,-397.69,#N/A
CC_SWAP_EUR_USD_RESET,true,IndexCurve/EUR-EURIBOR-6M/7/3Y,0.000100,,0.000000,EUR,-19562823.23,-516.53,#N/A,USD,-22151708.57,-584.89,#N/A
CC_SWAP_EUR_USD_RESET,true,IndexCurve/EUR-EURIBOR-6M/8/4Y,0.000100,,0.000000,EUR,-19562823.23,-687.35,#N/A,USD,-22151708.57,-778.32,#N/A
CC_SWAP_EUR_USD_RESET,true,IndexCurve/EUR-EURIBOR-6M/9/5Y,0.000100,,0.000000,EUR,-19562823.23,-1184.72,#N/A,USD,-22151708.57,-1341.51,#N/A
CC_SWAP_EUR_USD_RESET,true,IndexCurve/EUR-EURIBOR-6M/10/7Y,0.000100,,0.000000,EUR,-19562823.23,-2487.16,#N/A,USD,-22151708.57,-2816.30,#N/A
CC_SWAP_EUR_USD_RESET,true,IndexCurve/EUR-EURIBOR-6M/11/10Y,0.000100,,0.000000,EUR,-19562823.23,-75325.96,#N/A,USD,-22151708.57,-85294.37,#N/A
CC_SWAP_EUR_USD_RESET,true,IndexCurve/USD-LIBOR-3M/0/2W,0.000100,,0.000000,EUR,-19562823.23,0.00,#N/A,USD,-22151708.57,0.00,#N/A
CC_SWAP_EUR_USD_RESET,true,IndexCurve/USD-LIBOR-3M/2/3M,0.000100,,0.000000,EUR,-19562823.23,4.71,#N/A,USD,-22151708.57,5.34,#N/A
CC_SWAP_EUR_USD_RESET,true,IndexCurve/USD-LIBOR-3M/3/6M,0.000100,,0.000000,EUR,-19562823.23,11.28,#N/A,USD,-22151708.57,12.77,#N/A
CC_SWAP_EUR_USD_RESET,true,IndexCurve/USD-LIBOR-3M/4/9M,0.000100,,0.000000,EUR,-19562823.23,18.46,#N/A,USD,-22151708.57,20.90,#N/A
CC_SWAP_EUR_USD_RESET,true,IndexCurve/USD-LIBOR-3M/5/1Y,0.000100,,0.000000,EUR,-19562823.23,140.39,#N/A,USD,-22151708.57,158.96,#N/A
CC_SWAP_EUR_USD_RESET,true,IndexCurve/USD-LIBOR-3M/6/2Y,0.000100,,0.000000,EUR,-19562823.23,381.90,#N/A,USD,-22151708.57,432.44,#N/A
CC_SWAP_EUR_USD_RESET,true,IndexCurve/USD-LIBOR-3M/7/3Y,0.000100,,0.000000,EUR,-19562823.23,585.62,#N/A,USD,-22151708.57,663.12,#N/A
CC_SWAP_EUR_USD_RESET,true,IndexCurve/USD-LIBOR-3M/8/4Y,0.000100,,0.000000,EUR,-19562823.23,771.89,#N/A,USD,-22151708.57,874.04,#N/A
CC_SWAP_EUR_USD_RESET,true,IndexCurve/USD-LIBOR-3M/9/5Y,0.000100,,0.000000,EUR,-19562823.23,1445.68,#N/A,USD,-22151708.57,1637.00,#N/A
CC_SWAP_EUR_USD_RESET,true,IndexCurve/USD-LIBOR-3M/10/7Y,0.000100,,0.000000,EUR,-19562823.23,3038.30,#N/A,USD,-22151708.57,3440.38,#N/A
CC_SWAP_EUR_USD_RESET,true,IndexCurve/USD-LIBOR-3M/11/10Y,0.000100,,0.000000,EUR,-19562823.23,-77443.40,#N/A,USD,-22151708.57,-87692.02,#N/A
CC_SWAP_EUR_USD_RESET,true,IndexCurve/USD-LIBOR-6M/0/2W,0.000100,,0.000000,EUR,-19562823.23,0.00,#N/A,USD,-22151708.57,0.00,#N/A
CC_SWAP_EUR_USD_RESET,true,IndexCurve/USD-LIBOR-6M/2/3M,0.000100,,0.000000,EUR,-19562823.23,-95.32,#N/A,USD,-22151708.57,-107.93,#N/A
CC_SWAP_EUR_USD_RESET,true,IndexCurve/USD-LIBOR-6M/3/6M,0.000100,,0.000000,EUR,-19562823.23,-4252.00,#N/A,USD,-22151708.57,-4814.70,#N/A
CC_SWAP_EUR_USD_RESET,true,IndexCurve/USD-LIBOR-6M/4/9M,0.000100,,0.000000,EUR,-19562823.23,2.13,#N/A,USD,-22151708.57,2.42,#N/A
CC_SWAP_EUR_USD_RESET,true,IndexCurve/USD-LIBOR-6M/5/1Y,0.000100,,0.000000,EUR,-19562823.23,-2.14,#N/A,USD,-22151708.57,-2.43,#N/A
CC_SWAP_EUR_USD_RESET,true,IndexCurve/USD-LIBOR-6M/6/2Y,0.000100,,0.000000,EUR,-19562823.23,1.35,#N/A,USD,-22151708.57,1.53,#N/A
CC_SWAP_EUR_USD_RESET,true,IndexCurve/USD-LIBOR-6M/7/3Y,0.000100,,0.000000,EUR,-19562823.23,-1.92,#N/A,USD,-22151708.57,-2.17,#N/A
CC_SWAP_EUR_USD_RESET,true,IndexCurve/USD-LIBOR-6M/8/4Y,0.000100,,0.000000,EUR,-19562823.23,0.17,#N/A,USD,-22151708.57,0.19,#N/A
CC_SWAP_EUR_USD_RESET,true,IndexCurve/USD-LIBOR-6M/9/5Y,0.000100,,0.000000,EUR,-19562823.23,-0.62,#N/A,USD,-22151708.57,-0.70,#N/A
CC_SWAP_EUR_USD_RESET,true,IndexCurve/USD-LIBOR-6M/10/7Y,0.000100,,0.000000,EUR,-19562823.23,203.31,#N/A,USD,-22151708.57,230.22,#N/A
CC_SWAP_EUR_USD_RESET,true,IndexCurve/USD-LIBOR-6M/11/10Y,0.000100,,0.000000,EUR,-19562823.23,79837.02,#N/A,USD,-22151708.57,90402.41,#N/A
CC_SWAP_EUR_USD_RESET,true,FXSpot/USDEUR/0/spot,0.008831,,0.000000,EUR,-19562823.23,695378.99,#N/A,USD,-22151708.57,787403.36,#N/A
CDS,true,DiscountCurve/EUR/0/2W,0.000100,,0.000000,EUR,-7681.64,-0.01,#N/A,EUR,-7681.64,-0.01,#N/A
CDS,true,DiscountCurve/EUR/1/1M,0.000100,,0.000000,EUR,-7681.64,0.07,#N/A,EUR,-7681.64,0.07,#N/A
CDS,true,DiscountCurve/EUR/2/3M,0.000100,,0.000000,EUR,-7681.64,-0.08,#N/A,EUR,-7681.64,-0.08,#N/A
CDS,true,DiscountCurve/EUR/3/6M,0.000100,,0.000000,EUR,-7681.64,0.00,#N/A,EUR,-7681.64,0.00,#N/A
CDS,true,DiscountCurve/EUR/4/9M,0.000100,,0.000000,EUR,-7681.64,0.02,#N/A,EUR,-7681.64,0.02,#N/A
CDS,true,DiscountCurve/EUR/5/1Y,0.000100,,0.000000,EUR,-7681.64,0.07,#N/A,EUR,-7681.64,0.07,#N/A
CDS,true,DiscountCurve/EUR/6/2Y,0.000100,,0.000000,EUR,-7681.64,0.17,#N/A,EUR,-7681.64,0.17,#N/A
CDS,true,DiscountCurve/EUR/7/3Y,0.000100,,0.000000,EUR,-7681.64,0.28,#N/A,EUR,-7681.64,0.28,#N/A
CDS,true,DiscountCurve/EUR/8/4Y,0.000100,,0.000000,EUR,-7681.64,0.32,#N/A,EUR,-7681.64,0.32,#N/A
CDS,true,DiscountCurve/EUR/9/5Y,0.000100,,0.000000,EUR,-7681.64,0.63,#N/A,EUR,-7681.64,0.63,#N/A
CDS,true,DiscountCurve/EUR/10/7Y,0.000100,,0.000000,EUR,-7681.64,1.45,#N/A,EUR,-7681.64,1.45,#N/A
CDS,true,DiscountCurve/EUR/11/10Y,0.000100,,0.000000,EUR,-7681.64,8.12,#N/A,EUR,-7681.64,8.12,#N/A
CDS,true,DiscountCurve/EUR/12/15Y,0.000100,,0.000000,EUR,-7681.64,0.44,#N/A,EUR,-7681.64,0.44,#N/A
CPI_Swap,true,DiscountCurve/GBP/3/6M,0.000100,,0.000000,EUR,1015164.20,0.56,#N/A,GBP,824250.39,0.45,#N/A
CPI_Swap,true,DiscountCurve/GBP/4/9M,0.000100,,0.000000,EUR,1015164.20,0.79,#N/A,GBP,824250.39,0.64,#N/A
CPI_Swap,true,DiscountCurve/GBP/5/1Y,0.000100,,0.000000,EUR,1015164.20,-8.12,#N/A,GBP,824250.39,-6.59,#N/A
CPI_Swap,true,DiscountCurve/GBP/6/2Y,0.000100,,0.000000,EUR,1015164.20,-37.76,#N/A,GBP,824250.39,-30.66,#N/A
CPI_Swap,true,DiscountCurve/GBP/7/3Y,0.000100,,0.000000,EUR,1015164.20,-60.36,#N/A,GBP,824250.39,-49.01,#N/A
CPI_Swap,true,DiscountCurve/GBP/8/4Y,0.000100,,0.000000,EUR,1015164.20,-83.75,#N/A,GBP,824250.39,-68.00,#N/A
CPI_Swap,true,DiscountCurve/GBP/9/5Y,0.000100,,0.000000,EUR,1015164.20,-137.63,#N/A,GBP,824250.39,-111.75,#N/A
CPI_Swap,true,DiscountCurve/GBP/10/7Y,0.000100,,0.000000,EUR,1015164.20,-51.96,#N/A,GBP,824250.39,-42.19,#N/A
CPI_Swap,true,IndexCurve/GBP-LIBOR-6M/2/3M,0.000100,,0.000000,EUR,1015164.20,59.03,#N/A,GBP,824250.39,47.92,#N/A
CPI_Swap,true,IndexCurve/GBP-LIBOR-6M/3/6M,0.000100,,0.000000,EUR,1015164.20,491.64,#N/A,GBP,824250.39,399.18,#N/A
CPI_Swap,true,IndexCurve/GBP-LIBOR-6M/4/9M,0.000100,,0.000000,EUR,1015164.20,0.52,#N/A,GBP,824250.39,0.42,#N/A
CPI_Swap,true,IndexCurve/GBP-LIBOR-6M/5/1Y,0.000100,,0.000000,EUR,1015164.20,1.96,#N/A,GBP,824250.39,1.59,#N/A
CPI_Swap,true,IndexCurve/GBP-LIBOR-6M/6/2Y,0.000100,,0.000000,EUR,1015164.20,-0.05,#N/A,GBP,824250.39,-0.04,#N/A
CPI_Swap,true,IndexCurve/GBP-LIBOR-6M/7/3Y,0.000100,,0.000000,EUR,1015164.20,-0.88,#N/A,GBP,824250.39,-0.71,#N/A
CPI_Swap,true,IndexCurve/GBP-LIBOR-6M/8/4Y,0.000100,,0.000000,EUR,1015164.20,-10.95,#N/A,GBP,824250.39,-8.89,#N/A
CPI_Swap,true,IndexCurve/GBP-LIBOR-6M/9/5Y,0.000100,,0.000000,EUR,1015164.20,-4707.74,#N/A,GBP,824250.39,-3822.39,#N/A
CPI_Swap,true,IndexCurve/GBP-LIBOR-6M/10/7Y,0.000100,,0.000000,EUR,1015164.20,-1921.21,#N/A,GBP,824250.39,-1559.90,#N/A
CPI_Swap,true,FXSpot/GBPEUR/0/spot,0.012316,,0.000000,EUR,1015164.20,10151.64,#N/A,GBP,824250.39,8242.50,#N/A
CPI_Swap,true,ZeroInflationCurve/UKRPI/1/1Y,0.000100,,0.000000,EUR,1015164.20,25.46,#N/A,GBP,824250.39,20.67,#N/A
CPI_Swap,true,ZeroInflationCurve/UKRPI/2/2Y,0.000100,,0.000000,EUR,1015164.20,62.76,#N/A,GBP,824250.39,50.96,#N/A
CPI_Swap,true,ZeroInflationCurve/UKRPI/3/3Y,0.000100,,0.000000,EUR,1015164.20,96.64,#N/A,GBP,824250.39,78.47,#N/A
CPI_Swap,true,ZeroInflationCurve/UKRPI/4/4Y,0.000100,,0.000000,EUR,1015164.20,132.40,#N/A,GBP,824250.39,107.50,#N/A
CPI_Swap,true,ZeroInflationCurve/UKRPI/5/5Y,0.000100,,0.000000,EUR,1015164.20,206.97,#N/A,GBP,824250.39,168.05,#N/A
CPI_Swap,true,ZeroInflationCurve/UKRPI/6/7Y,0.000100,,0.000000,EUR,1015164.20,37.92,#N/A,GBP,824250.39,30.79,#N/A
EquityOption1,true,DiscountCurve/GBP/3/6M,0.000100,,0.000000,EUR,2996193.00,0.43,#N/A,GBP,2432722.95,0.35,#N/A
EquityOption1,true,DiscountCurve/GBP/5/1Y,0.000100,,0.000000,EUR,2996193.00,1.33,#N/A,GBP,2432722.95,1.08,#N/A
EquityOption1,true,DiscountCurve/GBP/6/2Y,0.000100,,0.000000,EUR,2996193.00,3.51,#N/A,GBP,2432722.95,2.85,#N/A
EquityOption1,true,DiscountCurve/GBP/7/3Y,0.000100,,0.000000,EUR,2996193.00,5.28,#N/A,GBP,2432722.95,4.29,#N/A
EquityOption1,true,DiscountCurve/GBP/8/4Y,0.000100,,0.000000,EUR,2996193.00,7.06,#N/A,GBP,2432722.95,5.73,#N/A
EquityOption1,true,DiscountCurve/GBP/9/5Y,0.000100,,0.000000,EUR,2996193.00,-94.82,#N/A,GBP,2432722.95,-76.99,#N/A
EquityOption1,true,DiscountCurve/GBP/10/7Y,0.000100,,0.000000,EUR,2996193.00,-1985.20,#N/A,GBP,2432722.95,-1611.86,#N/A
EquityOption1,true,FXSpot/GBPEUR/0/spot,0.012316,,0.000000,EUR,2996193.00,29961.93,#N/A,GBP,2432722.95,24327.23,#N/A
FLOOR_EUR,true,DiscountCurve/EUR/0/2W,0.000100,,0.000000,EUR,78683.49,-0.09,#N/A,EUR,78683.49,-0.09,#N/A
FLOOR_EUR,true,DiscountCurve/EUR/3/6M,0.000100,,0.000000,EUR,78683.49,-0.26,#N/A,EUR,78683.49,-0.26,#N/A
FLOOR_EUR,true,DiscountCurve/EUR/5/1Y,0.000100,,0.000000,EUR,78683.49,-0.45,#N/A,EUR,78683.49,-0.45,#N/A
FLOOR_EUR,true,DiscountCurve/EUR/6/2Y,0.000100,,0.000000,EUR,78683.49,-1.47,#N/A,EUR,78683.49,-1.47,#N/A
FLOOR_EUR,true,DiscountCurve/EUR/7/3Y,0.000100,,0.000000,EUR,78683.49,-2.32,#N/A,EUR,78683.49,-2.32,#N/A
FLOOR_EUR,true,DiscountCurve/EUR/8/4Y,0.000100,,0.000000,EUR,78683.49,-3.18,#N/A,EUR,78683.49,-3.18,#N/A
FLOOR_EUR,true,DiscountCurve/EUR/9/5Y,0.000100,,0.000000,EUR,78683.49,-6.10,#N/A,EUR,78683.49,-6.10,#N/A
FLOOR_EUR,true,DiscountCurve/EUR/10/7Y,0.000100,,0.000000,EUR,78683.49,-14.49,#N/A,EUR,78683.49,-14.49,#N/A
FLOOR_EUR,true,DiscountCurve/EUR/11/10Y,0.000100,,0.000000,EUR,78683.49,-14.60,#N/A,EUR,78683.49,-14.60,#N/A
FLOOR_EUR,true,IndexCurve/EUR-EURIBOR-6M/0/2W,0.000100,,0.000000,EUR,78683.49,0.05,#N/A,EUR,78683.49,0.05,#N/A
FLOOR_EUR,true,IndexCurve/EUR-EURIBOR-6M/3/6M,0.000100,,0.000000,EUR,78683.49,-0.43,#N/A,EUR,78683.49,-0.43,#N/A
FLOOR_EUR,true,IndexCurve/EUR-EURIBOR-6M/5/1Y,0.000100,,0.000000,EUR,78683.49,-5.68,#N/A,EUR,78683.49,-5.68,#N/A
FLOOR_EUR,true,IndexCurve/EUR-EURIBOR-6M/6/2Y,0.000100,,0.000000,EUR,78683.49,-17.62,#N/A,EUR,78683.49,-17.62,#N/A
FLOOR_EUR,true,IndexCurve/EUR-EURIBOR-6M/7/3Y,0.000100,,0.000000,EUR,78683.49,-31.10,#N/A,EUR,78683.49,-31.10,#N/A
FLOOR_EUR,true,IndexCurve/EUR-EURIBOR-6M/8/4Y,0.000100,,0.000000,EUR,78683.49,-28.61,#N/A,EUR,78683.49,-28.61,#N/A
FLOOR_EUR,true,IndexCurve/EUR-EURIBOR-6M/9/5Y,0.000100,,0.000000,EUR,78683.49,-56.27,#N/A,EUR,78683.49,-56.27,#N/A
FLOOR_EUR,true,IndexCurve/EUR-EURIBOR-6M/10/7Y,0.000100,,0.000000,EUR,78683.49,-82.52,#N/A,EUR,78683.49,-82.52,#N/A
FLOOR_EUR,true,IndexCurve/EUR-EURIBOR-6M/11/10Y,0.000100,,0.000000,EUR,78683.49,-396.54,#N/A,EUR,78683.49,-396.54,#N/A
FLOOR_EUR,true,OptionletVolatility/EUR/0/1Y/0.01,0.000000,,0.000000,EUR,78683.49,0.52,#N/A,EUR,78683.49,0.52,#N/A
FLOOR_EUR,true,OptionletVolatility/EUR/5/2Y/0.01,0.000100,,0.000000,EUR,78683.49,-0.91,#N/A,EUR,78683.49,-0.91,#N/A
FLOOR_EUR,true,OptionletVolatility/EUR/10/3Y/0.01,0.000100,,0.000000,EUR,78683.49,0.57,#N/A,EUR,78683.49,0.57,#N/A
FLOOR_EUR,true,OptionletVolatility/EUR/15/5Y/0.01,0.000100,,0.000000,EUR,78683.49,-0.44,#N/A,EUR,78683.49,-0.44,#N/A
FLOOR_EUR,true,OptionletVolatility/EUR/20/7Y/0.01,0.000000,,0.000000,EUR,78683.49,0.32,#N/A,EUR,78683.49,0.32,#N/A
FLOOR_EUR,true,OptionletVolatility/EUR/25/10Y/0.01,0.000100,,0.000000,EUR,78683.49,715.93,#N/A,EUR,78683.49,715.93,#N/A
FLOOR_USD,true,DiscountCurve/EUR/0/2W,0.000100,,0.000000,EUR,29884.50,-0.03,#N/A,USD,33839.33,-0.04,#N/A
FLOOR_USD,true,DiscountCurve/EUR/1/1M,0.000100,,0.000000,EUR,29884.50,0.00,#N/A,USD,33839.33,0.00,#N/A
FLOOR_USD,true,DiscountCurve/EUR/2/3M,0.000100,,0.000000,EUR,29884.50,-0.03,#N/A,USD,33839.33,-0.03,#N/A
FLOOR_USD,true,DiscountCurve/EUR/3/6M,0.000100,,0.000000,EUR,29884.50,0.08,#N/A,USD,33839.33,0.08,#N/A
FLOOR_USD,true,DiscountCurve/EUR/4/9M,0.000100,,0.000000,EUR,29884.50,-0.12,#N/A,USD,33839.33,-0.13,#N/A
FLOOR_USD,true,DiscountCurve/EUR/5/1Y,0.000100,,0.000000,EUR,29884.50,0.02,#N/A,USD,33839.33,0.02,#N/A
FLOOR_USD,true,DiscountCurve/EUR/6/2Y,0.000100,,0.000000,EUR,29884.50,-0.36,#N/A,USD,33839.33,-0.40,#N/A
FLOOR_USD,true,DiscountCurve/EUR/7/3Y,0.000100,,0.000000,EUR,29884.50,-0.74,#N/A,USD,33839.33,-0.84,#N/A
FLOOR_USD,true,DiscountCurve/EUR/8/4Y,0.000100,,0.000000,EUR,29884.50,-1.19,#N/A,USD,33839.33,-1.34,#N/A
FLOOR_USD,true,DiscountCurve/EUR/9/5Y,0.000100,,0.000000,EUR,29884.50,-2.57,#N/A,USD,33839.33,-2.92,#N/A
FLOOR_USD,true,DiscountCurve/EUR/10/7Y,0.000100,,0.000000,EUR,29884.50,-7.02,#N/A,USD,33839.33,-7.95,#N/A
FLOOR_USD,true,DiscountCurve/EUR/11/10Y,0.000100,,0.000000,EUR,29884.50,-6.92,#N/A,USD,33839.33,-7.84,#N/A
FLOOR_USD,true,DiscountCurve/USD/0/2W,0.000100,,0.000000,EUR,29884.50,-0.74,#N/A,USD,33839.33,-0.84,#N/A
FLOOR_USD,true,DiscountCurve/USD/2/3M,0.000100,,0.000000,EUR,29884.50,-0.12,#N/A,USD,33839.33,-0.13,#N/A
FLOOR_USD,true,DiscountCurve/USD/3/6M,0.000100,,0.000000,EUR,29884.50,0.14,#N/A,USD,33839.33,0.15,#N/A
FLOOR_USD,true,DiscountCurve/USD/4/9M,0.000100,,0.000000,EUR,29884.50,-0.14,#N/A,USD,33839.33,-0.16,#N/A
FLOOR_USD,true,DiscountCurve/USD/5/1Y,0.000100,,0.000000,EUR,29884.50,-0.02,#N/A,USD,33839.33,-0.02,#N/A
FLOOR_USD,true,DiscountCurve/USD/6/2Y,0.000100,,0.000000,EUR,29884.50,0.35,#N/A,USD,33839.33,0.39,#N/A
FLOOR_USD,true,DiscountCurve/USD/7/3Y,0.000100,,0.000000,EUR,29884.50,0.73,#N/A,USD,33839.33,0.83,#N/A
FLOOR_USD,true,DiscountCurve/USD/8/4Y,0.000100,,0.000000,EUR,29884.50,1.19,#N/A,USD,33839.33,1.34,#N/A
FLOOR_USD,true,DiscountCurve/USD/9/5Y,0.000100,,0.000000,EUR,29884.50,2.57,#N/A,USD,33839.33,2.91,#N/A
FLOOR_USD,true,DiscountCurve/USD/10/7Y,0.000100,,0.000000,EUR,29884.50,7.02,#N/A,USD,33839.33,7.95,#N/A
FLOOR_USD,true,DiscountCurve/USD/11/10Y,0.000100,,0.000000,EUR,29884.50,6.95,#N/A,USD,33839.33,7.86,#N/A
FLOOR_USD,true,IndexCurve/EUR-EURIBOR-3M/0/2W,0.000100,,0.000000,EUR,29884.50,0.00,#N/A,USD,33839.33,0.00,#N/A
FLOOR_USD,true,IndexCurve/EUR-EURIBOR-3M/3/6M,0.000100,,0.000000,EUR,29884.50,0.00,#N/A,USD,33839.33,0.00,#N/A
FLOOR_USD,true,IndexCurve/EUR-EURIBOR-3M/4/9M,0.000100,,0.000000,EUR,29884.50,0.00,#N/A,USD,33839.33,0.00,#N/A
FLOOR_USD,true,IndexCurve/EUR-EURIBOR-3M/5/1Y,0.000100,,0.000000,EUR,29884.50,-0.02,#N/A,USD,33839.33,-0.02,#N/A
FLOOR_USD,true,IndexCurve/EUR-EURIBOR-3M/6/2Y,0.000100,,0.000000,EUR,29884.50,0.34,#N/A,USD,33839.33,0.39,#N/A
FLOOR_USD,true,IndexCurve/EUR-EURIBOR-3M/7/3Y,0.000100,,0.000000,EUR,29884.50,0.72,#N/A,USD,33839.33,0.82,#N/A
FLOOR_USD,true,IndexCurve/EUR-EURIBOR-3M/8/4Y,0.000100,,0.000000,EUR,29884.50,1.17,#N/A,USD,33839.33,1.32,#N/A
FLOOR_USD,true,IndexCurve/EUR-EURIBOR-3M/9/5Y,0.000100,,0.000000,EUR,29884.50,2.53,#N/A,USD,33839.33,2.87,#N/A
FLOOR_USD,true,IndexCurve/EUR-EURIBOR-3M/10/7Y,0.000100,,0.000000,EUR,29884.50,6.92,#N/A,USD,33839.33,7.84,#N/A
FLOOR_USD,true,IndexCurve/EUR-EURIBOR-3M/11/10Y,0.000100,,0.000000,EUR,29884.50,6.83,#N/A,USD,33839.33,7.74,#N/A
FLOOR_USD,true,IndexCurve/USD-LIBOR-3M/0/2W,0.000100,,0.000000,EUR,29884.50,0.09,#N/A,USD,33839.33,0.10,#N/A
FLOOR_USD,true,IndexCurve/USD-LIBOR-3M/2/3M,0.000100,,0.000000,EUR,29884.50,-6.78,#N/A,USD,33839.33,-7.68,#N/A
FLOOR_USD,true,IndexCurve/USD-LIBOR-3M/3/6M,0.000100,,0.000000,EUR,29884.50,-3.03,#N/A,USD,33839.33,-3.43,#N/A
FLOOR_USD,true,IndexCurve/USD-LIBOR-3M/4/9M,0.000100,,0.000000,EUR,29884.50,-2.17,#N/A,USD,33839.33,-2.46,#N/A
FLOOR_USD,true,IndexCurve/USD-LIBOR-3M/5/1Y,0.000100,,0.000000,EUR,29884.50,-2.42,#N/A,USD,33839.33,-2.74,#N/A
FLOOR_USD,true,IndexCurve/USD-LIBOR-3M/6/2Y,0.000100,,0.000000,EUR,29884.50,-12.49,#N/A,USD,33839.33,-14.14,#N/A
FLOOR_USD,true,IndexCurve/USD-LIBOR-3M/7/3Y,0.000100,,0.000000,EUR,29884.50,-12.09,#N/A,USD,33839.33,-13.69,#N/A
FLOOR_USD,true,IndexCurve/USD-LIBOR-3M/8/4Y,0.000100,,0.000000,EUR,29884.50,-11.04,#N/A,USD,33839.33,-12.51,#N/A
FLOOR_USD,true,IndexCurve/USD-LIBOR-3M/9/5Y,0.000100,,0.000000,EUR,29884.50,-11.48,#N/A,USD,33839.33,-13.00,#N/A
FLOOR_USD,true,IndexCurve/USD-LIBOR-3M/10/7Y,0.000100,,0.000000,EUR,29884.50,-19.43,#N/A,USD,33839.33,-22.00,#N/A
FLOOR_USD,true,IndexCurve/USD-LIBOR-3M/11/10Y,0.000100,,0.000000,EUR,29884.50,-233.24,#N/A,USD,33839.33,-264.11,#N/A
FLOOR_USD,true,OptionletVolatility/USD/0/1Y/0.01,0.000000,,0.000000,EUR,29884.50,0.13,#N/A,USD,33839.33,0.15,#N/A
FLOOR_USD,true,OptionletVolatility/USD/5/2Y/0.01,0.000100,,0.000000,EUR,29884.50,-0.28,#N/A,USD,33839.33,-0.32,#N/A
FLOOR_USD,true,OptionletVolatility/USD/10/3Y/0.01,0.000100,,0.000000,EUR,29884.50,0.23,#N/A,USD,33839.33,0.26,#N/A
FLOOR_USD,true,OptionletVolatility/USD/15/5Y/0.01,0.000100,,0.000000,EUR,29884.50,-0.24,#N/A,USD,33839.33,-0.27,#N/A
FLOOR_USD,true,OptionletVolatility/USD/20/7Y/0.01,0.000000,,0.000000,EUR,29884.50,0.19,#N/A,USD,33839.33,0.21,#N/A
FLOOR_USD,true,OptionletVolatility/USD/25/10Y/0.01,0.000100,,0.000000,EUR,29884.50,590.48,#N/A,USD,33839.33,668.62,#N/A
FLOOR_USD,true,FXSpot/USDEUR/0/spot,0.008831,,0.000000,EUR,29884.50,298.85,#N/A,USD,33839.33,338.39,#N/A
FXFWD_EURUSD_10Y,true,DiscountCurve/EUR/0/2W,0.000100,,0.000000,EUR,179362.44,-0.20,#N/A,USD,203098.72,-0.23,#N/A
FXFWD_EURUSD_10Y,true,DiscountCurve/EUR/1/1M,0.000100,,0.000000,EUR,179362.44,0.00,#N/A,USD,203098.72,0.00,#N/A
FXFWD_EURUSD_10Y,true,DiscountCurve/EUR/2/3M,0.000100,,0.000000,EUR,179362.44,0.01,#N/A,USD,203098.72,0.01,#N/A
FXFWD_EURUSD_10Y,true,DiscountCurve/EUR/3/6M,0.000100,,0.000000,EUR,179362.44,-0.26,#N/A,USD,203098.72,-0.30,#N/A
FXFWD_EURUSD_10Y,true,DiscountCurve/EUR/4/9M,0.000100,,0.000000,EUR,179362.44,0.09,#N/A,USD,203098.72,0.10,#N/A
FXFWD_EURUSD_10Y,true,DiscountCurve/EUR/5/1Y,0.000100,,0.000000,EUR,179362.44,0.10,#N/A,USD,203098.72,0.11,#N/A
FXFWD_EURUSD_10Y,true,DiscountCurve/EUR/6/2Y,0.000100,,0.000000,EUR,179362.44,0.53,#N/A,USD,203098.72,0.60,#N/A
FXFWD_EURUSD_10Y,true,DiscountCurve/EUR/7/3Y,0.000100,,0.000000,EUR,179362.44,0.88,#N/A,USD,203098.72,1.00,#N/A
FXFWD_EURUSD_10Y,true,DiscountCurve/EUR/8/4Y,0.000100,,0.000000,EUR,179362.44,1.29,#N/A,USD,203098.72,1.46,#N/A
FXFWD_EURUSD_10Y,true,DiscountCurve/EUR/9/5Y,0.000100,,0.000000,EUR,179362.44,1.78,#N/A,USD,203098.72,2.02,#N/A
FXFWD_EURUSD_10Y,true,DiscountCurve/EUR/10/7Y,0.000100,,0.000000,EUR,179362.44,0.29,#N/A,USD,203098.72,0.33,#N/A
FXFWD_EURUSD_10Y,true,DiscountCurve/EUR/11/10Y,0.000100,,0.000000,EUR,179362.44,-188.71,#N/A,USD,203098.72,-213.68,#N/A
FXFWD_EURUSD_10Y,true,DiscountCurve/EUR/12/15Y,0.000100,,0.000000,EUR,179362.44,-3.45,#N/A,USD,203098.72,-3.91,#N/A
FXFWD_EURUSD_10Y,true,DiscountCurve/USD/0/2W,0.000100,,0.000000,EUR,179362.44,20.66,#N/A,USD,203098.72,23.39,#N/A
FXFWD_EURUSD_10Y,true,DiscountCurve/USD/2/3M,0.000100,,0.000000,EUR,179362.44,0.15,#N/A,USD,203098.72,0.17,#N/A
FXFWD_EURUSD_10Y,true,DiscountCurve/USD/3/6M,0.000100,,0.000000,EUR,179362.44,-0.38,#N/A,USD,203098.72,-0.43,#N/A
FXFWD_EURUSD_10Y,true,DiscountCurve/USD/4/9M,0.000100,,0.000000,EUR,179362.44,0.18,#N/A,USD,203098.72,0.20,#N/A
FXFWD_EURUSD_10Y,true,DiscountCurve/USD/5/1Y,0.000100,,0.000000,EUR,179362.44,0.46,#N/A,USD,203098.72,0.52,#N/A
FXFWD_EURUSD_10Y,true,DiscountCurve/USD/6/2Y,0.000100,,0.000000,EUR,179362.44,0.47,#N/A,USD,203098.72,0.53,#N/A
FXFWD_EURUSD_10Y,true,DiscountCurve/USD/7/3Y,0.000100,,0.000000,EUR,179362.44,0.58,#N/A,USD,203098.72,0.66,#N/A
FXFWD_EURUSD_10Y,true,DiscountCurve/USD/8/4Y,0.000100,,0.000000,EUR,179362.44,0.39,#N/A,USD,203098.72,0.44,#N/A
FXFWD_EURUSD_10Y,true,DiscountCurve/USD/9/5Y,0.000100,,0.000000,EUR,179362.44,1.74,#N/A,USD,203098.72,1.97,#N/A
FXFWD_EURUSD_10Y,true,DiscountCurve/USD/10/7Y,0.000100,,0.000000,EUR,179362.44,6.62,#N/A,USD,203098.72,7.49,#N/A
FXFWD_EURUSD_10Y,true,DiscountCurve/USD/11/10Y,0.000100,,0.000000,EUR,179362.44,-803.17,#N/A,USD,203098.72,-909.46,#N/A
FXFWD_EURUSD_10Y,true,DiscountCurve/USD/12/15Y,0.000100,,0.000000,EUR,179362.44,-14.52,#N/A,USD,203098.72,-16.44,#N/A
FXFWD_EURUSD_10Y,true,IndexCurve/EUR-EURIBOR-3M/3/6M,0.000100,,0.000000,EUR,179362.44,0.00,#N/A,USD,203098.72,0.00,#N/A
FXFWD_EURUSD_10Y,true,IndexCurve/EUR-EURIBOR-3M/4/9M,0.000100,,0.000000,EUR,179362.44,0.00,#N/A,USD,203098.72,0.00,#N/A
FXFWD_EURUSD_10Y,true,IndexCurve/EUR-EURIBOR-3M/5/1Y,0.000100,,0.000000,EUR,179362.44,0.45,#N/A,USD,203098.72,0.51,#N/A
FXFWD_EURUSD_10Y,true,IndexCurve/EUR-EURIBOR-3M/6/2Y,0.000100,,0.000000,EUR,179362.44,0.47,#N/A,USD,203098.72,0.53,#N/A
FXFWD_EURUSD_10Y,true,IndexCurve/EUR-EURIBOR-3M/7/3Y,0.000100,,0.000000,EUR,179362.44,0.57,#N/A,USD,203098.72,0.65,#N/A
FXFWD_EURUSD_10Y,true,IndexCurve/EUR-EURIBOR-3M/8/4Y,0.000100,,0.000000,EUR,179362.44,0.38,#N/A,USD,203098.72,0.44,#N/A
FXFWD_EURUSD_10Y,true,IndexCurve/EUR-EURIBOR-3M/9/5Y,0.000100,,0.000000,EUR,179362.44,1.72,#N/A,USD,203098.72,1.95,#N/A
FXFWD_EURUSD_10Y,true,IndexCurve/EUR-EURIBOR-3M/10/7Y,0.000100,,0.000000,EUR,179362.44,6.52,#N/A,USD,203098.72,7.38,#N/A
FXFWD_EURUSD_10Y,true,IndexCurve/EUR-EURIBOR-3M/11/10Y,0.000100,,0.000000,EUR,179362.44,-790.37,#N/A,USD,203098.72,-894.96,#N/A
FXFWD_EURUSD_10Y,true,IndexCurve/EUR-EURIBOR-3M/12/15Y,0.000100,,0.000000,EUR,179362.44,-14.27,#N/A,USD,203098.72,-16.16,#N/A
FXFWD_EURUSD_10Y,true,IndexCurve/USD-LIBOR-3M/2/3M,0.000100,,0.000000,EUR,179362.44,-0.05,#N/A,USD,203098.72,-0.06,#N/A
FXFWD_EURUSD_10Y,true,IndexCurve/USD-LIBOR-3M/3/6M,0.000100,,0.000000,EUR,179362.44,-0.13,#N/A,USD,203098.72,-0.14,#N/A
FXFWD_EURUSD_10Y,true,IndexCurve/USD-LIBOR-3M/4/9M,0.000100,,0.000000,EUR,179362.44,-0.21,#N/A,USD,203098.72,-0.23,#N/A
FXFWD_EURUSD_10Y,true,IndexCurve/USD-LIBOR-3M/5/1Y,0.000100,,0.000000,EUR,179362.44,-1.36,#N/A,USD,203098.72,-1.54,#N/A
FXFWD_EURUSD_10Y,true,IndexCurve/USD-LIBOR-3M/6/2Y,0.000100,,0.000000,EUR,179362.44,-3.72,#N/A,USD,203098.72,-4.21,#N/A
FXFWD_EURUSD_10Y,true,IndexCurve/USD-LIBOR-3M/7/3Y,0.000100,,0.000000,EUR,179362.44,-5.58,#N/A,USD,203098.72,-6.31,#N/A
FXFWD_EURUSD_10Y,true,IndexCurve/USD-LIBOR-3M/8/4Y,0.000100,,0.000000,EUR,179362.44,-7.18,#N/A,USD,203098.72,-8.13,#N/A
FXFWD_EURUSD_10Y,true,IndexCurve/USD-LIBOR-3M/9/5Y,0.000100,,0.000000,EUR,179362.44,-14.01,#N/A,USD,203098.72,-15.86,#N/A
FXFWD_EURUSD_10Y,true,IndexCurve/USD-LIBOR-3M/10/7Y,0.000100,,0.000000,EUR,179362.44,-31.89,#N/A,USD,203098.72,-36.11,#N/A
FXFWD_EURUSD_10Y,true,IndexCurve/USD-LIBOR-3M/11/10Y,0.000100,,0.000000,EUR,179362.44,838.66,#N/A,USD,203098.72,949.65,#N/A
FXFWD_EURUSD_10Y,true,IndexCurve/USD-LIBOR-3M/12/15Y,0.000100,,0.000000,EUR,179362.44,15.44,#N/A,USD,203098.72,17.49,#N/A
FXFWD_EURUSD_10Y,true,FXSpot/USDEUR/0/spot,0.008831,,0.000000,EUR,179362.44,-7805.51,#N/A,USD,203098.72,-8838.47,#N/A
FX_CALL_OPTION,true,DiscountCurve/EUR/0/2W,0.000100,,0.000000,EUR,255068.59,-0.28,#N/A,USD,288823.60,-0.32,#N/A
FX_CALL_OPTION,true,DiscountCurve/EUR/1/1M,0.000100,,0.000000,EUR,255068.59,0.00,#N/A,USD,288823.60,0.00,#N/A
FX_CALL_OPTION,true,DiscountCurve/EUR/2/3M,0.000100,,0.000000,EUR,255068.59,0.01,#N/A,USD,288823.60,0.01,#N/A
FX_CALL_OPTION,true,DiscountCurve/EUR/3/6M,0.000100,,0.000000,EUR,255068.59,-0.16,#N/A,USD,288823.60,-0.18,#N/A
FX_CALL_OPTION,true,DiscountCurve/EUR/4/9M,0.000100,,0.000000,EUR,255068.59,0.06,#N/A,USD,288823.60,0.06,#N/A
FX_CALL_OPTION,true,DiscountCurve/EUR/5/1Y,0.000100,,0.000000,EUR,255068.59,0.12,#N/A,USD,288823.60,0.14,#N/A
FX_CALL_OPTION,true,DiscountCurve/EUR/6/2Y,0.000100,,0.000000,EUR,255068.59,0.45,#N/A,USD,288823.60,0.50,#N/A
FX_CALL_OPTION,true,DiscountCurve/EUR/7/3Y,0.000100,,0.000000,EUR,255068.59,0.72,#N/A,USD,288823.60,0.81,#N/A
FX_CALL_OPTION,true,DiscountCurve/EUR/8/4Y,0.000100,,0.000000,EUR,255068.59,1.03,#N/A,USD,288823.60,1.16,#N/A
FX_CALL_OPTION,true,DiscountCurve/EUR/9/5Y,0.000100,,0.000000,EUR,255068.59,1.54,#N/A,USD,288823.60,1.74,#N/A
FX_CALL_OPTION,true,DiscountCurve/EUR/10/7Y,0.000100,,0.000000,EUR,255068.59,1.24,#N/A,USD,288823.60,1.40,#N/A
FX_CALL_OPTION,true,DiscountCurve/EUR/11/10Y,0.000100,,0.000000,EUR,255068.59,-264.64,#N/A,USD,288823.60,-299.67,#N/A
FX_CALL_OPTION,true,DiscountCurve/EUR/12/15Y,0.000100,,0.000000,EUR,255068.59,-4.59,#N/A,USD,288823.60,-5.19,#N/A
FX_CALL_OPTION,true,DiscountCurve/USD/0/2W,0.000100,,0.000000,EUR,255068.59,12.47,#N/A,USD,288823.60,14.12,#N/A
FX_CALL_OPTION,true,DiscountCurve/USD/2/3M,0.000100,,0.000000,EUR,255068.59,0.09,#N/A,USD,288823.60,0.10,#N/A
FX_CALL_OPTION,true,DiscountCurve/USD/3/6M,0.000100,,0.000000,EUR,255068.59,-0.23,#N/A,USD,288823.60,-0.26,#N/A
FX_CALL_OPTION,true,DiscountCurve/USD/4/9M,0.000100,,0.000000,EUR,255068.59,0.11,#N/A,USD,288823.60,0.12,#N/A
FX_CALL_OPTION,true,DiscountCurve/USD/5/1Y,0.000100,,0.000000,EUR,255068.59,0.28,#N/A,USD,288823.60,0.31,#N/A
FX_CALL_OPTION,true,DiscountCurve/USD/6/2Y,0.000100,,0.000000,EUR,255068.59,0.28,#N/A,USD,288823.60,0.32,#N/A
FX_CALL_OPTION,true,DiscountCurve/USD/7/3Y,0.000100,,0.000000,EUR,255068.59,0.35,#N/A,USD,288823.60,0.40,#N/A
FX_CALL_OPTION,true,DiscountCurve/USD/8/4Y,0.000100,,0.000000,EUR,255068.59,0.23,#N/A,USD,288823.60,0.27,#N/A
FX_CALL_OPTION,true,DiscountCurve/USD/9/5Y,0.000100,,0.000000,EUR,255068.59,1.05,#N/A,USD,288823.60,1.19,#N/A
FX_CALL_OPTION,true,DiscountCurve/USD/10/7Y,0.000100,,0.000000,EUR,255068.59,3.99,#N/A,USD,288823.60,4.52,#N/A
FX_CALL_OPTION,true,DiscountCurve/USD/11/10Y,0.000100,,0.000000,EUR,255068.59,-485.21,#N/A,USD,288823.60,-549.42,#N/A
FX_CALL_OPTION,true,DiscountCurve/USD/12/15Y,0.000100,,0.000000,EUR,255068.59,-8.34,#N/A,USD,288823.60,-9.45,#N/A
FX_CALL_OPTION,true,IndexCurve/EUR-EURIBOR-3M/3/6M,0.000100,,0.000000,EUR,255068.59,0.00,#N/A,USD,288823.60,0.00,#N/A
FX_CALL_OPTION,true,IndexCurve/EUR-EURIBOR-3M/4/9M,0.000100,,0.000000,EUR,255068.59,0.00,#N/A,USD,288823.60,0.00,#N/A
FX_CALL_OPTION,true,IndexCurve/EUR-EURIBOR-3M/5/1Y,0.000100,,0.000000,EUR,255068.59,0.27,#N/A,USD,288823.60,0.31,#N/A
FX_CALL_OPTION,true,IndexCurve/EUR-EURIBOR-3M/6/2Y,0.000100,,0.000000,EUR,255068.59,0.28,#N/A,USD,288823.60,0.32,#N/A
FX_CALL_OPTION,true,IndexCurve/EUR-EURIBOR-3M/7/3Y,0.000100,,0.000000,EUR,255068.59,0.35,#N/A,USD,288823.60,0.39,#N/A
FX_CALL_OPTION,true,IndexCurve/EUR-EURIBOR-3M/8/4Y,0.000100,,0.000000,EUR,255068.59,0.23,#N/A,USD,288823.60,0.26,#N/A
FX_CALL_OPTION,true,IndexCurve/EUR-EURIBOR-3M/9/5Y,0.000100,,0.000000,EUR,255068.59,1.04,#N/A,USD,288823.60,1.17,#N/A
FX_CALL_OPTION,true,IndexCurve/EUR-EURIBOR-3M/10/7Y,0.000100,,0.000000,EUR,255068.59,3.93,#N/A,USD,288823.60,4.46,#N/A
FX_CALL_OPTION,true,IndexCurve/EUR-EURIBOR-3M/11/10Y,0.000100,,0.000000,EUR,255068.59,-477.47,#N/A,USD,288823.60,-540.66,#N/A
FX_CALL_OPTION,true,IndexCurve/EUR-EURIBOR-3M/12/15Y,0.000100,,0.000000,EUR,255068.59,-8.20,#N/A,USD,288823.60,-9.29,#N/A
FX_CALL_OPTION,true,IndexCurve/USD-LIBOR-3M/2/3M,0.000100,,0.000000,EUR,255068.59,-0.03,#N/A,USD,288823.60,-0.04,#N/A
FX_CALL_OPTION,true,IndexCurve/USD-LIBOR-3M/3/6M,0.000100,,0.000000,EUR,255068.59,-0.08,#N/A,USD,288823.60,-0.09,#N/A
FX_CALL_OPTION,true,IndexCurve/USD-LIBOR-3M/4/9M,0.000100,,0.000000,EUR,255068.59,-0.12,#N/A,USD,288823.60,-0.14,#N/A
FX_CALL_OPTION,true,IndexCurve/USD-LIBOR-3M/5/1Y,0.000100,,0.000000,EUR,255068.59,-0.82,#N/A,USD,288823.60,-0.93,#N/A
FX_CALL_OPTION,true,IndexCurve/USD-LIBOR-3M/6/2Y,0.000100,,0.000000,EUR,255068.59,-2.25,#N/A,USD,288823.60,-2.54,#N/A
FX_CALL_OPTION,true,IndexCurve/USD-LIBOR-3M/7/3Y,0.000100,,0.000000,EUR,255068.59,-3.37,#N/A,USD,288823.60,-3.81,#N/A
FX_CALL_OPTION,true,IndexCurve/USD-LIBOR-3M/8/4Y,0.000100,,0.000000,EUR,255068.59,-4.33,#N/A,USD,288823.60,-4.91,#N/A
FX_CALL_OPTION,true,IndexCurve/USD-LIBOR-3M/9/5Y,0.000100,,0.000000,EUR,255068.59,-8.46,#N/A,USD,288823.60,-9.57,#N/A
FX_CALL_OPTION,true,IndexCurve/USD-LIBOR-3M/10/7Y,0.000100,,0.000000,EUR,255068.59,-19.25,#N/A,USD,288823.60,-21.80,#N/A
FX_CALL_OPTION,true,IndexCurve/USD-LIBOR-3M/11/10Y,0.000100,,0.000000,EUR,255068.59,506.67,#N/A,USD,288823.60,573.72,#N/A
FX_CALL_OPTION,true,IndexCurve/USD-LIBOR-3M/12/15Y,0.000100,,0.000000,EUR,255068.59,8.87,#N/A,USD,288823.60,10.05,#N/A
FX_CALL_OPTION,true,FXSpot/USDEUR/0/spot,0.008831,,0.000000,EUR,255068.59,-4674.52,#N/A,USD,288823.60,-5293.14,#N/A
FX_CALL_OPTION,true,FXVolatility/USDEUR/3/5Y/ATM,0.000000,,0.000000,EUR,255068.59,1302.80,#N/A,USD,288823.60,1475.21,#N/A
FX_PUT_OPTION,true,DiscountCurve/EUR/0/2W,0.000100,,0.000000,EUR,74765.77,-0.08,#N/A,USD,84660.04,-0.09,#N/A
FX_PUT_OPTION,true,DiscountCurve/EUR/1/1M,0.000100,,0.000000,EUR,74765.77,0.00,#N/A,USD,84660.04,0.00,#N/A
FX_PUT_OPTION,true,DiscountCurve/EUR/2/3M,0.000100,,0.000000,EUR,74765.77,0.00,#N/A,USD,84660.04,-0.01,#N/A
FX_PUT_OPTION,true,DiscountCurve/EUR/3/6M,0.000100,,0.000000,EUR,74765.77,0.10,#N/A,USD,84660.04,0.12,#N/A
FX_PUT_OPTION,true,DiscountCurve/EUR/4/9M,0.000100,,0.000000,EUR,74765.77,-0.04,#N/A,USD,84660.04,-0.04,#N/A
FX_PUT_OPTION,true,DiscountCurve/EUR/5/1Y,0.000100,,0.000000,EUR,74765.77,0.02,#N/A,USD,84660.04,0.03,#N/A
FX_PUT_OPTION,true,DiscountCurve/EUR/6/2Y,0.000100,,0.000000,EUR,74765.77,-0.09,#N/A,USD,84660.04,-0.10,#N/A
FX_PUT_OPTION,true,DiscountCurve/EUR/7/3Y,0.000100,,0.000000,EUR,74765.77,-0.16,#N/A,USD,84660.04,-0.18,#N/A
FX_PUT_OPTION,true,DiscountCurve/EUR/8/4Y,0.000100,,0.000000,EUR,74765.77,-0.27,#N/A,USD,84660.04,-0.30,#N/A
FX_PUT_OPTION,true,DiscountCurve/EUR/9/5Y,0.000100,,0.000000,EUR,74765.77,-0.25,#N/A,USD,84660.04,-0.28,#N/A
FX_PUT_OPTION,true,DiscountCurve/EUR/10/7Y,0.000100,,0.000000,EUR,74765.77,0.95,#N/A,USD,84660.04,1.07,#N/A
FX_PUT_OPTION,true,DiscountCurve/EUR/11/10Y,0.000100,,0.000000,EUR,74765.77,-74.86,#N/A,USD,84660.04,-84.77,#N/A
FX_PUT_OPTION,true,DiscountCurve/EUR/12/15Y,0.000100,,0.000000,EUR,74765.77,-1.28,#N/A,USD,84660.04,-1.45,#N/A
FX_PUT_OPTION,true,DiscountCurve/USD/0/2W,0.000100,,0.000000,EUR,74765.77,-8.19,#N/A,USD,84660.04,-9.27,#N/A
FX_PUT_OPTION,true,DiscountCurve/USD/2/3M,0.000100,,0.000000,EUR,74765.77,-0.06,#N/A,USD,84660.04,-0.07,#N/A
FX_PUT_OPTION,true,DiscountCurve/USD/3/6M,0.000100,,0.000000,EUR,74765.77,0.15,#N/A,USD,84660.04,0.17,#N/A
FX_PUT_OPTION,true,DiscountCurve/USD/4/9M,0.000100,,0.000000,EUR,74765.77,-0.07,#N/A,USD,84660.04,-0.08,#N/A
FX_PUT_OPTION,true,DiscountCurve/USD/5/1Y,0.000100,,0.000000,EUR,74765.77,-0.18,#N/A,USD,84660.04,-0.21,#N/A
FX_PUT_OPTION,true,DiscountCurve/USD/6/2Y,0.000100,,0.000000,EUR,74765.77,-0.19,#N/A,USD,84660.04,-0.21,#N/A
FX_PUT_OPTION,true,DiscountCurve/USD/7/3Y,0.000100,,0.000000,EUR,74765.77,-0.23,#N/A,USD,84660.04,-0.26,#N/A
FX_PUT_OPTION,true,DiscountCurve/USD/8/4Y,0.000100,,0.000000,EUR,74765.77,-0.15,#N/A,USD,84660.04,-0.17,#N/A
FX_PUT_OPTION,true,DiscountCurve/USD/9/5Y,0.000100,,0.000000,EUR,74765.77,-0.69,#N/A,USD,84660.04,-0.78,#N/A
FX_PUT_OPTION,true,DiscountCurve/USD/10/7Y,0.000100,,0.000000,EUR,74765.77,-2.62,#N/A,USD,84660.04,-2.97,#N/A
FX_PUT_OPTION,true,DiscountCurve/USD/11/10Y,0.000100,,0.000000,EUR,74765.77,318.49,#N/A,USD,84660.04,360.63,#N/A
FX_PUT_OPTION,true,DiscountCurve/USD/12/15Y,0.000100,,0.000000,EUR,74765.77,5.49,#N/A,USD,84660.04,6.21,#N/A
FX_PUT_OPTION,true,IndexCurve/EUR-EURIBOR-3M/3/6M,0.000100,,0.000000,EUR,74765.77,0.00,#N/A,USD,84660.04,0.00,#N/A
FX_PUT_OPTION,true,IndexCurve/EUR-EURIBOR-3M/4/9M,0.000100,,0.000000,EUR,74765.77,0.00,#N/A,USD,84660.04,0.00,#N/A
FX_PUT_OPTION,true,IndexCurve/EUR-EURIBOR-3M/5/1Y,0.000100,,0.000000,EUR,74765.77,-0.18,#N/A,USD,84660.04,-0.20,#N/A
FX_PUT_OPTION,true,IndexCurve/EUR-EURIBOR-3M/6/2Y,0.000100,,0.000000,EUR,74765.77,-0.18,#N/A,USD,84660.04,-0.21,#N/A
FX_PUT_OPTION,true,IndexCurve/EUR-EURIBOR-3M/7/3Y,0.000100,,0.000000,EUR,74765.77,-0.23,#N/A,USD,84660.04,-0.26,#N/A
FX_PUT_OPTION,true,IndexCurve/EUR-EURIBOR-3M/8/4Y,0.000100,,0.000000,EUR,74765.77,-0.15,#N/A,USD,84660.04,-0.17,#N/A
FX_PUT_OPTION,true,IndexCurve/EUR-EURIBOR-3M/9/5Y,0.000100,,0.000000,EUR,74765.77,-0.68,#N/A,USD,84660.04,-0.77,#N/A
FX_PUT_OPTION,true,IndexCurve/EUR-EURIBOR-3M/10/7Y,0.000100,,0.000000,EUR,74765.77,-2.58,#N/A,USD,84660.04,-2.92,#N/A
FX_PUT_OPTION,true,IndexCurve/EUR-EURIBOR-3M/11/10Y,0.000100,,0.000000,EUR,74765.77,313.41,#N/A,USD,84660.04,354.88,#N/A
FX_PUT_OPTION,true,IndexCurve/EUR-EURIBOR-3M/12/15Y,0.000100,,0.000000,EUR,74765.77,5.39,#N/A,USD,84660.04,6.11,#N/A
FX_PUT_OPTION,true,IndexCurve/USD-LIBOR-3M/2/3M,0.000100,,0.000000,EUR,74765.77,0.02,#N/A,USD,84660.04,0.02,#N/A
FX_PUT_OPTION,true,IndexCurve/USD-LIBOR-3M/3/6M,0.000100,,0.000000,EUR,74765.77,0.05,#N/A,USD,84660.04,0.06,#N/A
FX_PUT_OPTION,true,IndexCurve/USD-LIBOR-3M/4/9M,0.000100,,0.000000,EUR,74765.77,0.08,#N/A,USD,84660.04,0.09,#N/A
FX_PUT_OPTION,true,IndexCurve/USD-LIBOR-3M/5/1Y,0.000100,,0.000000,EUR,74765.77,0.54,#N/A,USD,84660.04,0.61,#N/A
FX_PUT_OPTION,true,IndexCurve/USD-LIBOR-3M/6/2Y,0.000100,,0.000000,EUR,74765.77,1.47,#N/A,USD,84660.04,1.67,#N/A
FX_PUT_OPTION,true,IndexCurve/USD-LIBOR-3M/7/3Y,0.000100,,0.000000,EUR,74765.77,2.21,#N/A,USD,84660.04,2.50,#N/A
FX_PUT_OPTION,true,IndexCurve/USD-LIBOR-3M/8/4Y,0.000100,,0.000000,EUR,74765.77,2.84,#N/A,USD,84660.04,3.22,#N/A
FX_PUT_OPTION,true,IndexCurve/USD-LIBOR-3M/9/5Y,0.000100,,0.000000,EUR,74765.77,5.55,#N/A,USD,84660.04,6.28,#N/A
FX_PUT_OPTION,true,IndexCurve/USD-LIBOR-3M/10/7Y,0.000100,,0.000000,EUR,74765.77,12.64,#N/A,USD,84660.04,14.31,#N/A
FX_PUT_OPTION,true,IndexCurve/USD-LIBOR-3M/11/10Y,0.000100,,0.000000,EUR,74765.77,-332.57,#N/A,USD,84660.04,-376.58,#N/A
FX_PUT_OPTION,true,IndexCurve/USD-LIBOR-3M/12/15Y,0.000100,,0.000000,EUR,74765.77,-5.83,#N/A,USD,84660.04,-6.61,#N/A
FX_PUT_OPTION,true,FXSpot/USDEUR/0/spot,0.008831,,0.000000,EUR,74765.77,3131.57,#N/A,USD,84660.04,3546.00,#N/A
FX_PUT_OPTION,true,FXVolatility/USDEUR/3/5Y/ATM,0.000000,,0.000000,EUR,74765.77,1302.80,#N/A,USD,84660.04,1475.21,#N/A
INDEX_CDS,true,DiscountCurve/EUR/0/2W,0.000100,,0.000000,EUR,9.62,0.00,#N/A,EUR,9.62,0.00,#N/A
INDEX_CDS,true,DiscountCurve/EUR/1/1M,0.000100,,0.000000,EUR,9.62,0.00,#N/A,EUR,9.62,0.00,#N/A
INDEX_CDS,true,DiscountCurve/EUR/2/3M,0.000100,,0.000000,EUR,9.62,0.00,#N/A,EUR,9.62,0.00,#N/A
INDEX_CDS,true,DiscountCurve/EUR/3/6M,0.000100,,0.000000,EUR,9.62,0.00,#N/A,EUR,9.62,0.00,#N/A
INDEX_CDS,true,DiscountCurve/EUR/4/9M,0.000100,,0.000000,EUR,9.62,0.00,#N/A,EUR,9.62,0.00,#N/A
INDEX_CDS,true,DiscountCurve/EUR/5/1Y,0.000100,,0.000000,EUR,9.62,0.00,#N/A,EUR,9.62,0.00,#N/A
INDEX_CDS,true,DiscountCurve/EUR/6/2Y,0.000100,,0.000000,EUR,9.62,0.00,#N/A,EUR,9.62,0.00,#N/A
INDEX_CDS,true,DiscountCurve/EUR/7/3Y,0.000100,,0.000000,EUR,9.62,0.00,#N/A,EUR,9.62,0.00,#N/A
INDEX_CDS,true,DiscountCurve/EUR/8/4Y,0.000100,,0.000000,EUR,9.62,0.00,#N/A,EUR,9.62,0.00,#N/A
INDEX_CDS,true,DiscountCurve/EUR/9/5Y,0.000100,,0.000000,EUR,9.62,0.00,#N/A,EUR,9.62,0.00,#N/A
INDEX_CDS,true,DiscountCurve/EUR/10/7Y,0.000100,,0.000000,EUR,9.62,0.00,#N/A,EUR,9.62,0.00,#N/A
INDEX_CDS,true,DiscountCurve/EUR/11/10Y,0.000100,,0.000000,EUR,9.62,0.00,#N/A,EUR,9.62,0.00,#N/A
INDEX_CDS,true,DiscountCurve/EUR/12/15Y,0.000100,,0.000000,EUR,9.62,0.00,#N/A,EUR,9.62,0.00,#N/A
INDEX_CDS,true,DiscountCurve/USD/0/2W,0.000100,,0.000000,EUR,9.62,0.01,#N/A,EUR,9.62,0.01,#N/A
INDEX_CDS,true,DiscountCurve/USD/1/1M,0.000100,,0.000000,EUR,9.62,-0.02,#N/A,EUR,9.62,-0.02,#N/A
INDEX_CDS,true,DiscountCurve/USD/2/3M,0.000100,,0.000000,EUR,9.62,0.01,#N/A,EUR,9.62,0.01,#N/A
INDEX_CDS,true,DiscountCurve/USD/3/6M,0.000100,,0.000000,EUR,9.62,0.00,#N/A,EUR,9.62,0.00,#N/A
INDEX_CDS,true,DiscountCurve/USD/4/9M,0.000100,,0.000000,EUR,9.62,0.00,#N/A,EUR,9.62,0.00,#N/A
INDEX_CDS,true,DiscountCurve/USD/5/1Y,0.000100,,0.000000,EUR,9.62,0.00,#N/A,EUR,9.62,0.00,#N/A
INDEX_CDS,true,DiscountCurve/USD/6/2Y,0.000100,,0.000000,EUR,9.62,0.00,#N/A,EUR,9.62,0.00,#N/A
INDEX_CDS,true,DiscountCurve/USD/7/3Y,0.000100,,0.000000,EUR,9.62,0.00,#N/A,EUR,9.62,0.00,#N/A
INDEX_CDS,true,DiscountCurve/USD/8/4Y,0.000100,,0.000000,EUR,9.62,0.00,#N/A,EUR,9.62,0.00,#N/A
INDEX_CDS,true,DiscountCurve/USD/9/5Y,0.000100,,0.000000,EUR,9.62,0.00,#N/A,EUR,9.62,0.00,#N/A
INDEX_CDS,true,DiscountCurve/USD/10/7Y,0.000100,,0.000000,EUR,9.62,0.01,#N/A,EUR,9.62,0.01,#N/A
INDEX_CDS,true,DiscountCurve/USD/11/10Y,0.000100,,0.000000,EUR,9.62,0.21,#N/A,EUR,9.62,0.21,#N/A
INDEX_CDS,true,DiscountCurve/USD/12/15Y,0.000100,,0.000000,EUR,9.62,0.02,#N/A,EUR,9.62,0.02,#N/A
INDEX_CDS,true,IndexCurve/EUR-EURIBOR-3M/5/1Y,0.000100,,0.000000,EUR,9.62,0.00,#N/A,EUR,9.62,0.00,#N/A
INDEX_CDS,true,IndexCurve/EUR-EURIBOR-3M/6/2Y,0.000100,,0.000000,EUR,9.62,0.00,#N/A,EUR,9.62,0.00,#N/A
INDEX_CDS,true,IndexCurve/EUR-EURIBOR-3M/7/3Y,0.000100,,0.000000,EUR,9.62,0.00,#N/A,EUR,9.62,0.00,#N/A
INDEX_CDS,true,IndexCurve/EUR-EURIBOR-3M/8/4Y,0.000100,,0.000000,EUR,9.62,0.00,#N/A,EUR,9.62,0.00,#N/A
INDEX_CDS,true,IndexCurve/EUR-EURIBOR-3M/9/5Y,0.000100,,0.000000,EUR,9.62,0.00,#N/A,EUR,9.62,0.00,#N/A
INDEX_CDS,true,IndexCurve/EUR-EURIBOR-3M/10/7Y,0.000100,,0.000000,EUR,9.62,0.01,#N/A,EUR,9.62,0.01,#N/A
INDEX_CDS,true,IndexCurve/EUR-EURIBOR-3M/11/10Y,0.000100,,0.000000,EUR,9.62,0.20,#N/A,EUR,9.62,0.20,#N/A
INDEX_CDS,true,IndexCurve/EUR-EURIBOR-3M/12/15Y,0.000100,,0.000000,EUR,9.62,0.02,#N/A,EUR,9.62,0.02,#N/A
INDEX_CDS,true,IndexCurve/USD-LIBOR-3M/2/3M,0.000100,,0.000000,EUR,9.62,0.00,#N/A,EUR,9.62,0.00,#N/A
INDEX_CDS,true,IndexCurve/USD-LIBOR-3M/3/6M,0.000100,,0.000000,EUR,9.62,0.00,#N/A,EUR,9.62,0.00,#N/A
INDEX_CDS,true,IndexCurve/USD-LIBOR-3M/4/9M,0.000100,,0.000000,EUR,9.62,0.00,#N/A,EUR,9.62,0.00,#N/A
INDEX_CDS,true,IndexCurve/USD-LIBOR-3M/5/1Y,0.000100,,0.000000,EUR,9.62,0.00,#N/A,EUR,9.62,0.00,#N/A
INDEX_CDS,true,IndexCurve/USD-LIBOR-3M/6/2Y,0.000100,,0.000000,EUR,9.62,0.00,#N/A,EUR,9.62,0.00,#N/A
INDEX_CDS,true,IndexCurve/USD-LIBOR-3M/7/3Y,0.000100,,0.000000,EUR,9.62,0.00,#N/A,EUR,9.62,0.00,#N/A
INDEX_CDS,true,IndexCurve/USD-LIBOR-3M/8/4Y,0.000100,,0.000000,EUR,9.62,0.00,#N/A,EUR,9.62,0.00,#N/A
INDEX_CDS,true,IndexCurve/USD-LIBOR-3M/9/5Y,0.000100,,0.000000,EUR,9.62,0.00,#N/A,EUR,9.62,0.00,#N/A
INDEX_CDS,true,IndexCurve/USD-LIBOR-3M/10/7Y,0.000100,,0.000000,EUR,9.62,0.00,#N/A,EUR,9.62,0.00,#N/A
INDEX_CDS,true,IndexCurve/USD-LIBOR-3M/11/10Y,0.000100,,0.000000,EUR,9.62,-0.21,#N/A,EUR,9.62,-0.21,#N/A
INDEX_CDS,true,IndexCurve/USD-LIBOR-3M/12/15Y,0.000100,,0.000000,EUR,9.62,-0.02,#N/A,EUR,9.62,-0.02,#N/A
INDEX_CDS,true,SurvivalProbability/CPTY_1/0/6M,0.000100,,0.000000,EUR,9.62,-0.05,#N/A,EUR,9.62,-0.05,#N/A
INDEX_CDS,true,SurvivalProbability/CPTY_1/1/1Y,0.000100,,0.000000,EUR,9.62,-0.12,#N/A,EUR,9.62,-0.12,#N/A
INDEX_CDS,true,SurvivalProbability/CPTY_1/2/2Y,0.000100,,0.000000,EUR,9.62,-0.39,#N/A,EUR,9.62,-0.39,#N/A
INDEX_CDS,true,SurvivalProbability/CPTY_1/3/3Y,0.000100,,0.000000,EUR,9.62,-0.60,#N/A,EUR,9.62,-0.60,#N/A
INDEX_CDS,true,SurvivalProbability/CPTY_1/4/4Y,0.000100,,0.000000,EUR,9.62,-0.83,#N/A,EUR,9.62,-0.83,#N/A
INDEX_CDS,true,SurvivalProbability/CPTY_1/5/5Y,0.000100,,0.000000,EUR,9.62,-1.49,#N/A,EUR,9.62,-1.49,#N/A
INDEX_CDS,true,SurvivalProbability/CPTY_1/6/7Y,0.000100,,0.000000,EUR,9.62,-3.13,#N/A,EUR,9.62,-3.13,#N/A
INDEX_CDS,true,SurvivalProbability/CPTY_1/7/10Y,0.000100,,0.000000,EUR,9.62,88.53,#N/A,EUR,9.62,88.53,#N/A
INDEX_CDS,true,SurvivalProbability/CPTY_1/8/12Y,0.000100,,0.000000,EUR,9.62,15.10,#N/A,EUR,9.62,15.10,#N/A
INDEX_CDS,true,SurvivalProbability/CPTY_2/0/6M,0.000100,,0.000000,EUR,9.62,-0.05,#N/A,EUR,9.62,-0.05,#N/A
INDEX_CDS,true,SurvivalProbability/CPTY_2/1/1Y,0.000100,,0.000000,EUR,9.62,-0.12,#N/A,EUR,9.62,-0.12,#N/A
INDEX_CDS,true,SurvivalProbability/CPTY_2/2/2Y,0.000100,,0.000000,EUR,9.62,-0.39,#N/A,EUR,9.62,-0.39,#N/A
INDEX_CDS,true,SurvivalProbability/CPTY_2/3/3Y,0.000100,,0.000000,EUR,9.62,-0.60,#N/A,EUR,9.62,-0.60,#N/A
INDEX_CDS,true,SurvivalProbability/CPTY_2/4/4Y,0.000100,,0.000000,EUR,9.62,-0.83,#N/A,EUR,9.62,-0.83,#N/A
INDEX_CDS,true,SurvivalProbability/CPTY_2/5/5Y,0.000100,,0.000000,EUR,9.62,-1.49,#N/A,EUR,9.62,-1.49,#N/A
INDEX_CDS,true,SurvivalProbability/CPTY_2/6/7Y,0.000100,,0.000000,EUR,9.62,-3.13,#N/A,EUR,9.62,-3.13,#N/A
INDEX_CDS,true,SurvivalProbability/CPTY_2/7/10Y,0.000100,,0.000000,EUR,9.62,88.53,#N/A,EUR,9.62,88.53,#N/A
INDEX_CDS,true,SurvivalProbability/CPTY_2/8/12Y,0.000100,,0.000000,EUR,9.62,15.10,#N/A,EUR,9.62,15.10,#N/A
INDEX_CDS,true,SurvivalProbability/CPTY_3/0/6M,0.000100,,0.000000,EUR,9.62,-0.05,#N/A,EUR,9.62,-0.05,#N/A
INDEX_CDS,true,SurvivalProbability/CPTY_3/1/1Y,0.000100,,0.000000,EUR,9.62,-0.12,#N/A,EUR,9.62,-0.12,#N/A
INDEX_CDS,true,SurvivalProbability/CPTY_3/2/2Y,0.000100,,0.000000,EUR,9.62,-0.39,#N/A,EUR,9.62,-0.39,#N/A
INDEX_CDS,true,SurvivalProbability/CPTY_3/3/3Y,0.000100,,0.000000,EUR,9.62,-0.60,#N/A,EUR,9.62,-0.60,#N/A
INDEX_CDS,true,SurvivalProbability/CPTY_3/4/4Y,0.000100,,0.000000,EUR,9.62,-0.83,#N/A,EUR,9.62,-0.83,#N/A
INDEX_CDS,true,SurvivalProbability/CPTY_3/5/5Y,0.000100,,0.000000,EUR,9.62,-1.49,#N/A,EUR,9.62,-1.49,#N/A
INDEX_CDS,true,SurvivalProbability/CPTY_3/6/7Y,0.000100,,0.000000,EUR,9.62,-3.13,#N/A,EUR,9.62,-3.13,#N/A
INDEX_CDS,true,SurvivalProbability/CPTY_3/7/10Y,0.000100,,0.000000,EUR,9.62,88.53,#N/A,EUR,9.62,88.53,#N/A
INDEX_CDS,true,SurvivalProbability/CPTY_3/8/12Y,0.000100,,0.000000,EUR,9.62,15.10,#N/A,EUR,9.62,15.10,#N/A
INDEX_CDS_OPTION,true,DiscountCurve/EUR/0/2W,0.000100,,0.000000,EUR,1098.75,0.00,#N/A,EUR,1098.75,0.00,#N/A
INDEX_CDS_OPTION,true,DiscountCurve/EUR/1/1M,0.000100,,0.000000,EUR,1098.75,0.00,#N/A,EUR,1098.75,0.00,#N/A
INDEX_CDS_OPTION,true,DiscountCurve/EUR/2/3M,0.000100,,0.000000,EUR,1098.75,0.00,#N/A,EUR,1098.75,0.00,#N/A
INDEX_CDS_OPTION,true,DiscountCurve/EUR/3/6M,0.000100,,0.000000,EUR,1098.75,-0.04,#N/A,EUR,1098.75,-0.04,#N/A
INDEX_CDS_OPTION,true,DiscountCurve/EUR/4/9M,0.000100,,0.000000,EUR,1098.75,0.00,#N/A,EUR,1098.75,0.00,#N/A
INDEX_CDS_OPTION,true,DiscountCurve/EUR/5/1Y,0.000100,,0.000000,EUR,1098.75,-0.01,#N/A,EUR,1098.75,-0.01,#N/A
INDEX_CDS_OPTION,true,DiscountCurve/EUR/6/2Y,0.000100,,0.000000,EUR,1098.75,-0.02,#N/A,EUR,1098.75,-0.02,#N/A
INDEX_CDS_OPTION,true,DiscountCurve/EUR/7/3Y,0.000100,,0.000000,EUR,1098.75,-0.02,#N/A,EUR,1098.75,-0.02,#N/A
INDEX_CDS_OPTION,true,DiscountCurve/EUR/8/4Y,0.000100,,0.000000,EUR,1098.75,-0.03,#N/A,EUR,1098.75,-0.03,#N/A
INDEX_CDS_OPTION,true,DiscountCurve/EUR/9/5Y,0.000100,,0.000000,EUR,1098.75,-0.04,#N/A,EUR,1098.75,-0.04,#N/A
INDEX_CDS_OPTION,true,DiscountCurve/EUR/10/7Y,0.000100,,0.000000,EUR,1098.75,-0.01,#N/A,EUR,1098.75,-0.01,#N/A
INDEX_CDS_OPTION,true,DiscountCurve/USD/0/2W,0.000100,,0.000000,EUR,1098.75,0.01,#N/A,EUR,1098.75,0.01,#N/A
INDEX_CDS_OPTION,true,DiscountCurve/USD/1/1M,0.000100,,0.000000,EUR,1098.75,-0.02,#N/A,EUR,1098.75,-0.02,#N/A
INDEX_CDS_OPTION,true,DiscountCurve/USD/2/3M,0.000100,,0.000000,EUR,1098.75,0.01,#N/A,EUR,1098.75,0.01,#N/A
INDEX_CDS_OPTION,true,DiscountCurve/USD/3/6M,0.000100,,0.000000,EUR,1098.75,0.00,#N/A,EUR,1098.75,0.00,#N/A
INDEX_CDS_OPTION,true,DiscountCurve/USD/4/9M,0.000100,,0.000000,EUR,1098.75,0.00,#N/A,EUR,1098.75,0.00,#N/A
INDEX_CDS_OPTION,true,DiscountCurve/USD/5/1Y,0.000100,,0.000000,EUR,1098.75,0.00,#N/A,EUR,1098.75,0.00,#N/A
INDEX_CDS_OPTION,true,DiscountCurve/USD/6/2Y,0.000100,,0.000000,EUR,1098.75,0.00,#N/A,EUR,1098.75,0.00,#N/A
INDEX_CDS_OPTION,true,DiscountCurve/USD/7/3Y,0.000100,,0.000000,EUR,1098.75,0.00,#N/A,EUR,1098.75,0.00,#N/A
INDEX_CDS_OPTION,true,DiscountCurve/USD/8/4Y,0.000100,,0.000000,EUR,1098.75,0.00,#N/A,EUR,1098.75,0.00,#N/A
INDEX_CDS_OPTION,true,DiscountCurve/USD/9/5Y,0.000100,,0.000000,EUR,1098.75,0.05,#N/A,EUR,1098.75,0.05,#N/A
INDEX_CDS_OPTION,true,DiscountCurve/USD/10/7Y,0.000100,,0.000000,EUR,1098.75,0.05,#N/A,EUR,1098.75,0.05,#N/A
INDEX_CDS_OPTION,true,IndexCurve/EUR-EURIBOR-3M/5/1Y,0.000100,,0.000000,EUR,1098.75,0.00,#N/A,EUR,1098.75,0.00,#N/A
INDEX_CDS_OPTION,true,IndexCurve/EUR-EURIBOR-3M/6/2Y,0.000100,,0.000000,EUR,1098.75,0.00,#N/A,EUR,1098.75,0.00,#N/A
INDEX_CDS_OPTION,true,IndexCurve/EUR-EURIBOR-3M/7/3Y,0.000100,,0.000000,EUR,1098.75,0.00,#N/A,EUR,1098.75,0.00,#N/A
INDEX_CDS_OPTION,true,IndexCurve/EUR-EURIBOR-3M/8/4Y,0.000100,,0.000000,EUR,1098.75,0.00,#N/A,EUR,1098.75,0.00,#N/A
INDEX_CDS_OPTION,true,IndexCurve/EUR-EURIBOR-3M/9/5Y,0.000100,,0.000000,EUR,1098.75,0.05,#N/A,EUR,1098.75,0.05,#N/A
INDEX_CDS_OPTION,true,IndexCurve/EUR-EURIBOR-3M/10/7Y,0.000100,,0.000000,EUR,1098.75,0.04,#N/A,EUR,1098.75,0.04,#N/A
INDEX_CDS_OPTION,true,IndexCurve/USD-LIBOR-3M/2/3M,0.000100,,0.000000,EUR,1098.75,0.00,#N/A,EUR,1098.75,0.00,#N/A
INDEX_CDS_OPTION,true,IndexCurve/USD-LIBOR-3M/3/6M,0.000100,,0.000000,EUR,1098.75,0.00,#N/A,EUR,1098.75,0.00,#N/A
INDEX_CDS_OPTION,true,IndexCurve/USD-LIBOR-3M/4/9M,0.000100,,0.000000,EUR,1098.75,0.00,#N/A,EUR,1098.75,0.00,#N/A
INDEX_CDS_OPTION,true,IndexCurve/USD-LIBOR-3M/5/1Y,0.000100,,0.000000,EUR,1098.75,0.00,#N/A,EUR,1098.75,0.00,#N/A
INDEX_CDS_OPTION,true,IndexCurve/USD-LIBOR-3M/6/2Y,0.000100,,0.000000,EUR,1098.75,0.00,#N/A,EUR,1098.75,0.00,#N/A
INDEX_CDS_OPTION,true,IndexCurve/USD-LIBOR-3M/7/3Y,0.000100,,0.000000,EUR,1098.75,0.00,#N/A,EUR,1098.75,0.00,#N/A
INDEX_CDS_OPTION,true,IndexCurve/USD-LIBOR-3M/8/4Y,0.000100,,0.000000,EUR,1098.75,0.00,#N/A,EUR,1098.75,0.00,#N/A
INDEX_CDS_OPTION,true,IndexCurve/USD-LIBOR-3M/9/5Y,0.000100,,0.000000,EUR,1098.75,-0.05,#N/A,EUR,1098.75,-0.05,#N/A
INDEX_CDS_OPTION,true,IndexCurve/USD-LIBOR-3M/10/7Y,0.000100,,0.000000,EUR,1098.75,-0.05,#N/A,EUR,1098.75,-0.05,#N/A
INDEX_CDS_OPTION,true,SurvivalProbability/CPTY_1/0/6M,0.000100,,0.000000,EUR,1098.75,0.00,#N/A,EUR,1098.75,0.00,#N/A
INDEX_CDS_OPTION,true,SurvivalProbability/CPTY_1/1/1Y,0.000100,,0.000000,EUR,1098.75,-0.13,#N/A,EUR,1098.75,-0.13,#N/A
INDEX_CDS_OPTION,true,SurvivalProbability/CPTY_1/2/2Y,0.000100,,0.000000,EUR,1098.75,-0.31,#N/A,EUR,1098.75,-0.31,#N/A
INDEX_CDS_OPTION,true,SurvivalProbability/CPTY_1/3/3Y,0.000100,,0.000000,EUR,1098.75,-0.48,#N/A,EUR,1098.75,-0.48,#N/A
INDEX_CDS_OPTION,true,SurvivalProbability/CPTY_1/4/4Y,0.000100,,0.000000,EUR,1098.75,-0.71,#N/A,EUR,1098.75,-0.71,#N/A
INDEX_CDS_OPTION,true,SurvivalProbability/CPTY_1/5/5Y,0.000100,,0.000000,EUR,1098.75,23.76,#N/A,EUR,1098.75,23.76,#N/A
INDEX_CDS_OPTION,true,SurvivalProbability/CPTY_1/6/7Y,0.000100,,0.000000,EUR,1098.75,20.69,#N/A,EUR,1098.75,20.69,#N/A
INDEX_CDS_OPTION,true,SurvivalProbability/CPTY_2/0/6M,0.000100,,0.000000,EUR,1098.75,0.00,#N/A,EUR,1098.75,0.00,#N/A
INDEX_CDS_OPTION,true,SurvivalProbability/CPTY_2/1/1Y,0.000100,,0.000000,EUR,1098.75,-0.13,#N/A,EUR,1098.75,-0.13,#N/A
INDEX_CDS_OPTION,true,SurvivalProbability/CPTY_2/2/2Y,0.000100,,0.000000,EUR,1098.75,-0.31,#N/A,EUR,1098.75,-0.31,#N/A
INDEX_CDS_OPTION,true,SurvivalProbability/CPTY_2/3/3Y,0.000100,,0.000000,EUR,1098.75,-0.48,#N/A,EUR,1098.75,-0.48,#N/A
INDEX_CDS_OPTION,true,SurvivalProbability/CPTY_2/4/4Y,0.000100,,0.000000,EUR,1098.75,-0.71,#N/A,EUR,1098.75,-0.71,#N/A
INDEX_CDS_OPTION,true,SurvivalProbability/CPTY_2/5/5Y,0.000100,,0.000000,EUR,1098.75,23.76,#N/A,EUR,1098.75,23.76,#N/A
INDEX_CDS_OPTION,true,SurvivalProbability/CPTY_2/6/7Y,0.000100,,0.000000,EUR,1098.75,20.69,#N/A,EUR,1098.75,20.69,#N/A
INDEX_CDS_OPTION,true,SurvivalProbability/CPTY_3/0/6M,0.000100,,0.000000,EUR,1098.75,0.00,#N/A,EUR,1098.75,0.00,#N/A
INDEX_CDS_OPTION,true,SurvivalProbability/CPTY_3/1/1Y,0.000100,,0.000000,EUR,1098.75,-0.13,#N/A,EUR,1098.75,-0.13,#N/A
INDEX_CDS_OPTION,true,SurvivalProbability/CPTY_3/2/2Y,0.000100,,0.000000,EUR,1098.75,-0.31,#N/A,EUR,1098.75,-0.31,#N/A
INDEX_CDS_OPTION,true,SurvivalProbability/CPTY_3/3/3Y,0.000100,,0.000000,EUR,1098.75,-0.48,#N/A,EUR,1098.75,-0.48,#N/A
INDEX_CDS_OPTION,true,SurvivalProbability/CPTY_3/4/4Y,0.000100,,0.000000,EUR,1098.75,-0.71,#N/A,EUR,1098.75,-0.71,#N/A
INDEX_CDS_OPTION,true,SurvivalProbability/CPTY_3/5/5Y,0.000100,,0.000000,EUR,1098.75,23.76,#N/A,EUR,1098.75,23.76,#N/A
INDEX_CDS_OPTION,true,SurvivalProbability/CPTY_3/6/7Y,0.000100,,0.000000,EUR,1098.75,20.69,#N/A,EUR,1098.75,20.69,#N/A
SWAPTION,true,DiscountCurve/EUR/0/2W,0.000100,,0.000000,EUR,-3096135.78,3.44,#N/A,EUR,-3096135.78,3.44,#N/A
SWAPTION,true,DiscountCurve/EUR/2/3M,0.000100,,0.000000,EUR,-3096135.78,0.00,#N/A,EUR,-3096135.78,0.00,#N/A
SWAPTION,true,DiscountCurve/EUR/3/6M,0.000100,,0.000000,EUR,-3096135.78,0.00,#N/A,EUR,-3096135.78,0.00,#N/A
SWAPTION,true,DiscountCurve/EUR/4/9M,0.000100,,0.000000,EUR,-3096135.78,0.00,#N/A,EUR,-3096135.78,0.00,#N/A
SWAPTION,true,DiscountCurve/EUR/5/1Y,0.000100,,0.000000,EUR,-3096135.78,-6.07,#N/A,EUR,-3096135.78,-6.07,#N/A
SWAPTION,true,DiscountCurve/EUR/6/2Y,0.000100,,0.000000,EUR,-3096135.78,-12.09,#N/A,EUR,-3096135.78,-12.09,#N/A
SWAPTION,true,DiscountCurve/EUR/7/3Y,0.000100,,0.000000,EUR,-3096135.78,-18.23,#N/A,EUR,-3096135.78,-18.23,#N/A
SWAPTION,true,DiscountCurve/EUR/8/4Y,0.000100,,0.000000,EUR,-3096135.78,-24.02,#N/A,EUR,-3096135.78,-24.02,#N/A
SWAPTION,true,DiscountCurve/EUR/9/5Y,0.000100,,0.000000,EUR,-3096135.78,-44.90,#N/A,EUR,-3096135.78,-44.90,#N/A
SWAPTION,true,DiscountCurve/EUR/10/7Y,0.000100,,0.000000,EUR,-3096135.78,-104.19,#N/A,EUR,-3096135.78,-104.19,#N/A
SWAPTION,true,DiscountCurve/EUR/11/10Y,0.000100,,0.000000,EUR,-3096135.78,-27.73,#N/A,EUR,-3096135.78,-27.73,#N/A
SWAPTION,true,DiscountCurve/EUR/12/15Y,0.000100,,0.000000,EUR,-3096135.78,2064.64,#N/A,EUR,-3096135.78,2064.64,#N/A
SWAPTION,true,DiscountCurve/EUR/13/20Y,0.000100,,0.000000,EUR,-3096135.78,3409.75,#N/A,EUR,-3096135.78,3409.75,#N/A
SWAPTION,true,DiscountCurve/EUR/14/25Y,0.000100,,0.000000,EUR,-3096135.78,950.82,#N/A,EUR,-3096135.78,950.82,#N/A
SWAPTION,true,IndexCurve/EUR-EURIBOR-3M/0/2W,0.000100,,0.000000,EUR,-3096135.78,-0.01,#N/A,EUR,-3096135.78,-0.01,#N/A
SWAPTION,true,IndexCurve/EUR-EURIBOR-3M/2/3M,0.000100,,0.000000,EUR,-3096135.78,0.00,#N/A,EUR,-3096135.78,0.00,#N/A
SWAPTION,true,IndexCurve/EUR-EURIBOR-3M/3/6M,0.000100,,0.000000,EUR,-3096135.78,0.00,#N/A,EUR,-3096135.78,0.00,#N/A
SWAPTION,true,IndexCurve/EUR-EURIBOR-3M/4/9M,0.000100,,0.000000,EUR,-3096135.78,0.00,#N/A,EUR,-3096135.78,0.00,#N/A
SWAPTION,true,IndexCurve/EUR-EURIBOR-3M/5/1Y,0.000100,,0.000000,EUR,-3096135.78,0.00,#N/A,EUR,-3096135.78,0.00,#N/A
SWAPTION,true,IndexCurve/EUR-EURIBOR-3M/6/2Y,0.000100,,0.000000,EUR,-3096135.78,0.00,#N/A,EUR,-3096135.78,0.00,#N/A
SWAPTION,true,IndexCurve/EUR-EURIBOR-3M/7/3Y,0.000100,,0.000000,EUR,-3096135.78,0.00,#N/A,EUR,-3096135.78,0.00,#N/A
SWAPTION,true,IndexCurve/EUR-EURIBOR-3M/8/4Y,0.000100,,0.000000,EUR,-3096135.78,0.00,#N/A,EUR,-3096135.78,0.00,#N/A
SWAPTION,true,IndexCurve/EUR-EURIBOR-3M/9/5Y,0.000100,,0.000000,EUR,-3096135.78,0.02,#N/A,EUR,-3096135.78,0.02,#N/A
SWAPTION,true,IndexCurve/EUR-EURIBOR-3M/10/7Y,0.000100,,0.000000,EUR,-3096135.78,0.08,#N/A,EUR,-3096135.78,0.08,#N/A
SWAPTION,true,IndexCurve/EUR-EURIBOR-3M/11/10Y,0.000100,,0.000000,EUR,-3096135.78,-4182.14,#N/A,EUR,-3096135.78,-4182.14,#N/A
SWAPTION,true,IndexCurve/EUR-EURIBOR-3M/12/15Y,0.000100,,0.000000,EUR,-3096135.78,-7122.11,#N/A,EUR,-3096135.78,-7122.11,#N/A
SWAPTION,true,IndexCurve/EUR-EURIBOR-3M/13/20Y,0.000100,,0.000000,EUR,-3096135.78,7965.01,#N/A,EUR,-3096135.78,7965.01,#N/A
SWAPTION,true,IndexCurve/EUR-EURIBOR-3M/14/25Y,0.000100,,0.000000,EUR,-3096135.78,11092.65,#N/A,EUR,-3096135.78,11092.65,#N/A
SWAPTION,true,SwaptionVolatility/EUR/11/10Y/10Y/ATM,0.000000,,0.000000,EUR,-3096135.78,-3697.79,#N/A,EUR,-3096135.78,-3697.79,#N/A
SWAP_1M_OIS_EUR,true,DiscountCurve/EUR/0/2W,0.000100,,0.000000,EUR,-305682.07,0.34,#N/A,EUR,-305682.07,0.34,#N/A
SWAP_1M_OIS_EUR,true,DiscountCurve/EUR/5/1Y,0.000100,,0.000000,EUR,-305682.07,2.18,#N/A,EUR,-305682.07,2.18,#N/A
SWAP_1M_OIS_EUR,true,DiscountCurve/EUR/6/2Y,0.000100,,0.000000,EUR,-305682.07,4.40,#N/A,EUR,-305682.07,4.40,#N/A
SWAP_1M_OIS_EUR,true,DiscountCurve/EUR/7/3Y,0.000100,,0.000000,EUR,-305682.07,13.17,#N/A,EUR,-305682.07,13.17,#N/A
SWAP_1M_OIS_EUR,true,DiscountCurve/EUR/8/4Y,0.000100,,0.000000,EUR,-305682.07,18.58,#N/A,EUR,-305682.07,18.58,#N/A
SWAP_1M_OIS_EUR,true,DiscountCurve/EUR/9/5Y,0.000100,,0.000000,EUR,-305682.07,43.35,#N/A,EUR,-305682.07,43.35,#N/A
SWAP_1M_OIS_EUR,true,DiscountCurve/EUR/10/7Y,0.000100,,0.000000,EUR,-305682.07,66.72,#N/A,EUR,-305682.07,66.72,#N/A
SWAP_1M_OIS_EUR,true,DiscountCurve/EUR/11/10Y,0.000100,,0.000000,EUR,-305682.07,-3.77,#N/A,EUR,-305682.07,-3.77,#N/A
SWAP_1M_OIS_EUR,true,IndexCurve/EUR-EONIA/0/2W,0.000100,,0.000000,EUR,-305682.07,11.15,#N/A,EUR,-305682.07,11.15,#N/A
SWAP_1M_OIS_EUR,true,IndexCurve/EUR-EONIA/5/1Y,0.000100,,0.000000,EUR,-305682.07,-6.92,#N/A,EUR,-305682.07,-6.92,#N/A
SWAP_1M_OIS_EUR,true,IndexCurve/EUR-EONIA/6/2Y,0.000100,,0.000000,EUR,-305682.07,31.51,#N/A,EUR,-305682.07,31.51,#N/A
SWAP_1M_OIS_EUR,true,IndexCurve/EUR-EONIA/7/3Y,0.000100,,0.000000,EUR,-305682.07,-27.81,#N/A,EUR,-305682.07,-27.81,#N/A
SWAP_1M_OIS_EUR,true,IndexCurve/EUR-EONIA/8/4Y,0.000100,,0.000000,EUR,-305682.07,31.75,#N/A,EUR,-305682.07,31.75,#N/A
SWAP_1M_OIS_EUR,true,IndexCurve/EUR-EONIA/9/5Y,0.000100,,0.000000,EUR,-305682.07,14.86,#N/A,EUR,-305682.07,14.86,#N/A
SWAP_1M_OIS_EUR,true,IndexCurve/EUR-EONIA/10/7Y,0.000100,,0.000000,EUR,-305682.07,2341.87,#N/A,EUR,-305682.07,2341.87,#N/A
SWAP_1M_OIS_EUR,true,IndexCurve/EUR-EONIA/11/10Y,0.000100,,0.000000,EUR,-305682.07,6696.98,#N/A,EUR,-305682.07,6696.98,#N/A
SWAP_1M_OIS_EUR,true,IndexCurve/EUR-EURIBOR-1M/11/10Y,0.000100,,0.000000,EUR,-305682.07,-9955.55,#N/A,EUR,-305682.07,-9955.55,#N/A
SWAP_1M_OIS_EUR_OISLEGBPS,true,DiscountCurve/EUR/0/2W,0.000100,,0.000000,EUR,10102.12,-0.01,#N/A,EUR,10102.12,-0.01,#N/A
SWAP_1M_OIS_EUR_OISLEGBPS,true,DiscountCurve/EUR/5/1Y,0.000100,,0.000000,EUR,10102.12,-0.10,#N/A,EUR,10102.12,-0.10,#N/A
SWAP_1M_OIS_EUR_OISLEGBPS,true,DiscountCurve/EUR/6/2Y,0.000100,,0.000000,EUR,10102.12,-0.21,#N/A,EUR,10102.12,-0.21,#N/A
SWAP_1M_OIS_EUR_OISLEGBPS,true,DiscountCurve/EUR/7/3Y,0.000100,,0.000000,EUR,10102.12,-0.31,#N/A,EUR,10102.12,-0.31,#N/A
SWAP_1M_OIS_EUR_OISLEGBPS,true,DiscountCurve/EUR/8/4Y,0.000100,,0.000000,EUR,10102.12,-0.41,#N/A,EUR,10102.12,-0.41,#N/A
SWAP_1M_OIS_EUR_OISLEGBPS,true,DiscountCurve/EUR/9/5Y,0.000100,,0.000000,EUR,10102.12,-0.77,#N/A,EUR,10102.12,-0.77,#N/A
SWAP_1M_OIS_EUR_OISLEGBPS,true,DiscountCurve/EUR/10/7Y,0.000100,,0.000000,EUR,10102.12,-1.79,#N/A,EUR,10102.12,-1.79,#N/A
SWAP_1M_OIS_EUR_OISLEGBPS,true,DiscountCurve/EUR/11/10Y,0.000100,,0.000000,EUR,10102.12,-2.05,#N/A,EUR,10102.12,-2.05,#N/A
SWAP_EUR,true,DiscountCurve/EUR/0/2W,0.000100,,0.000000,EUR,-331.49,0.00,#N/A,EUR,-331.49,0.00,#N/A
SWAP_EUR,true,DiscountCurve/EUR/5/1Y,0.000100,,0.000000,EUR,-331.49,0.00,#N/A,EUR,-331.49,0.00,#N/A
SWAP_EUR,true,DiscountCurve/EUR/6/2Y,0.000100,,0.000000,EUR,-331.49,0.00,#N/A,EUR,-331.49,0.00,#N/A
SWAP_EUR,true,DiscountCurve/EUR/7/3Y,0.000100,,0.000000,EUR,-331.49,0.01,#N/A,EUR,-331.49,0.01,#N/A
SWAP_EUR,true,DiscountCurve/EUR/8/4Y,0.000100,,0.000000,EUR,-331.49,0.01,#N/A,EUR,-331.49,0.01,#N/A
SWAP_EUR,true,DiscountCurve/EUR/9/5Y,0.000100,,0.000000,EUR,-331.49,0.01,#N/A,EUR,-331.49,0.01,#N/A
SWAP_EUR,true,DiscountCurve/EUR/10/7Y,0.000100,,0.000000,EUR,-331.49,0.03,#N/A,EUR,-331.49,0.03,#N/A
SWAP_EUR,true,DiscountCurve/EUR/11/10Y,0.000100,,0.000000,EUR,-331.49,0.03,#N/A,EUR,-331.49,0.03,#N/A
SWAP_EUR,true,DiscountCurve/EUR/12/15Y,0.000100,,0.000000,EUR,-331.49,0.00,#N/A,EUR,-331.49,0.00,#N/A
SWAP_EUR,true,DiscountCurve/EUR/13/20Y,0.000100,,0.000000,EUR,-331.49,0.05,#N/A,EUR,-331.49,0.05,#N/A
SWAP_EUR,true,IndexCurve/EUR-EURIBOR-6M/13/20Y,0.000100,,0.000000,EUR,-331.49,-18824.13,#N/A,EUR,-331.49,-18824.13,#N/A
SWAP_EUR_12Y,true,DiscountCurve/EUR/0/2W,0.000100,,0.000000,EUR,164721.46,-0.18,#N/A,EUR,164721.46,-0.18,#N/A
SWAP_EUR_12Y,true,DiscountCurve/EUR/5/1Y,0.000100,,0.000000,EUR,164721.46,-1.70,#N/A,EUR,164721.46,-1.70,#N/A
SWAP_EUR_12Y,true,DiscountCurve/EUR/6/2Y,0.000100,,0.000000,EUR,164721.46,-3.40,#N/A,EUR,164721.46,-3.40,#N/A
SWAP_EUR_12Y,true,DiscountCurve/EUR/7/3Y,0.000100,,0.000000,EUR,164721.46,-5.12,#N/A,EUR,164721.46,-5.12,#N/A
SWAP_EUR_12Y,true,DiscountCurve/EUR/8/4Y,0.000100,,0.000000,EUR,164721.46,-6.75,#N/A,EUR,164721.46,-6.75,#N/A
SWAP_EUR_12Y,true,DiscountCurve/EUR/9/5Y,0.000100,,0.000000,EUR,164721.46,-12.59,#N/A,EUR,164721.46,-12.59,#N/A
SWAP_EUR_12Y,true,DiscountCurve/EUR/10/7Y,0.000100,,0.000000,EUR,164721.46,-29.25,#N/A,EUR,164721.46,-29.25,#N/A
SWAP_EUR_12Y,true,DiscountCurve/EUR/11/10Y,0.000100,,0.000000,EUR,164721.46,6.46,#N/A,EUR,164721.46,6.46,#N/A
SWAP_EUR_12Y,true,DiscountCurve/EUR/12/15Y,0.000100,,0.000000,EUR,164721.46,-57.67,#N/A,EUR,164721.46,-57.67,#N/A
SWAP_EUR_12Y,true,IndexCurve/EUR-EURIBOR-6M/9/5Y,0.000100,,0.000000,EUR,164721.46,0.00,#N/A,EUR,164721.46,0.00,#N/A
SWAP_EUR_12Y,true,IndexCurve/EUR-EURIBOR-6M/10/7Y,0.000100,,0.000000,EUR,164721.46,0.00,#N/A,EUR,164721.46,0.00,#N/A
SWAP_EUR_12Y,true,IndexCurve/EUR-EURIBOR-6M/11/10Y,0.000100,,0.000000,EUR,164721.46,-5887.80,#N/A,EUR,164721.46,-5887.80,#N/A
SWAP_EUR_12Y,true,IndexCurve/EUR-EURIBOR-6M/12/15Y,0.000100,,0.000000,EUR,164721.46,-5945.49,#N/A,EUR,164721.46,-5945.49,#N/A
SWAP_USD,true,DiscountCurve/EUR/0/2W,0.000100,,0.000000,EUR,8336.11,-0.01,#N/A,USD,9439.28,-0.01,#N/A
SWAP_USD,true,DiscountCurve/EUR/1/1M,0.000100,,0.000000,EUR,8336.11,0.00,#N/A,USD,9439.28,0.00,#N/A
SWAP_USD,true,DiscountCurve/EUR/2/3M,0.000100,,0.000000,EUR,8336.11,0.00,#N/A,USD,9439.28,0.00,#N/A
SWAP_USD,true,DiscountCurve/EUR/3/6M,0.000100,,0.000000,EUR,8336.11,-0.02,#N/A,USD,9439.28,-0.02,#N/A
SWAP_USD,true,DiscountCurve/EUR/4/9M,0.000100,,0.000000,EUR,8336.11,0.00,#N/A,USD,9439.28,0.00,#N/A
SWAP_USD,true,DiscountCurve/EUR/5/1Y,0.000100,,0.000000,EUR,8336.11,-0.07,#N/A,USD,9439.28,-0.08,#N/A
SWAP_USD,true,DiscountCurve/EUR/6/2Y,0.000100,,0.000000,EUR,8336.11,-0.18,#N/A,USD,9439.28,-0.21,#N/A
SWAP_USD,true,DiscountCurve/EUR/7/3Y,0.000100,,0.000000,EUR,8336.11,-0.27,#N/A,USD,9439.28,-0.31,#N/A
SWAP_USD,true,DiscountCurve/EUR/8/4Y,0.000100,,0.000000,EUR,8336.11,-0.35,#N/A,USD,9439.28,-0.40,#N/A
SWAP_USD,true,DiscountCurve/EUR/9/5Y,0.000100,,0.000000,EUR,8336.11,-0.63,#N/A,USD,9439.28,-0.72,#N/A
SWAP_USD,true,DiscountCurve/EUR/10/7Y,0.000100,,0.000000,EUR,8336.11,-1.42,#N/A,USD,9439.28,-1.61,#N/A
SWAP_USD,true,DiscountCurve/EUR/11/10Y,0.000100,,0.000000,EUR,8336.11,-1.38,#N/A,USD,9439.28,-1.57,#N/A
SWAP_USD,true,DiscountCurve/USD/0/2W,0.000100,,0.000000,EUR,8336.11,-0.20,#N/A,USD,9439.28,-0.23,#N/A
SWAP_USD,true,DiscountCurve/USD/2/3M,0.000100,,0.000000,EUR,8336.11,0.00,#N/A,USD,9439.28,0.00,#N/A
SWAP_USD,true,DiscountCurve/USD/3/6M,0.000100,,0.000000,EUR,8336.11,-0.04,#N/A,USD,9439.28,-0.04,#N/A
SWAP_USD,true,DiscountCurve/USD/4/9M,0.000100,,0.000000,EUR,8336.11,0.00,#N/A,USD,9439.28,0.00,#N/A
SWAP_USD,true,DiscountCurve/USD/5/1Y,0.000100,,0.000000,EUR,8336.11,0.07,#N/A,USD,9439.28,0.08,#N/A
SWAP_USD,true,DiscountCurve/USD/6/2Y,0.000100,,0.000000,EUR,8336.11,0.18,#N/A,USD,9439.28,0.21,#N/A
SWAP_USD,true,DiscountCurve/USD/7/3Y,0.000100,,0.000000,EUR,8336.11,0.27,#N/A,USD,9439.28,0.31,#N/A
SWAP_USD,true,DiscountCurve/USD/8/4Y,0.000100,,0.000000,EUR,8336.11,0.35,#N/A,USD,9439.28,0.40,#N/A
SWAP_USD,true,DiscountCurve/USD/9/5Y,0.000100,,0.000000,EUR,8336.11,0.63,#N/A,USD,9439.28,0.72,#N/A
SWAP_USD,true,DiscountCurve/USD/10/7Y,0.000100,,0.000000,EUR,8336.11,1.42,#N/A,USD,9439.28,1.61,#N/A
SWAP_USD,true,DiscountCurve/USD/11/10Y,0.000100,,0.000000,EUR,8336.11,1.39,#N/A,USD,9439.28,1.57,#N/A
SWAP_USD,true,IndexCurve/EUR-EURIBOR-3M/4/9M,0.000100,,0.000000,EUR,8336.11,0.00,#N/A,USD,9439.28,0.00,#N/A
SWAP_USD,true,IndexCurve/EUR-EURIBOR-3M/5/1Y,0.000100,,0.000000,EUR,8336.11,0.07,#N/A,USD,9439.28,0.08,#N/A
SWAP_USD,true,IndexCurve/EUR-EURIBOR-3M/6/2Y,0.000100,,0.000000,EUR,8336.11,0.18,#N/A,USD,9439.28,0.20,#N/A
SWAP_USD,true,IndexCurve/EUR-EURIBOR-3M/7/3Y,0.000100,,0.000000,EUR,8336.11,0.27,#N/A,USD,9439.28,0.30,#N/A
SWAP_USD,true,IndexCurve/EUR-EURIBOR-3M/8/4Y,0.000100,,0.000000,EUR,8336.11,0.35,#N/A,USD,9439.28,0.39,#N/A
SWAP_USD,true,IndexCurve/EUR-EURIBOR-3M/9/5Y,0.000100,,0.000000,EUR,8336.11,0.62,#N/A,USD,9439.28,0.71,#N/A
SWAP_USD,true,IndexCurve/EUR-EURIBOR-3M/10/7Y,0.000100,,0.000000,EUR,8336.11,1.40,#N/A,USD,9439.28,1.58,#N/A
SWAP_USD,true,IndexCurve/EUR-EURIBOR-3M/11/10Y,0.000100,,0.000000,EUR,8336.11,1.36,#N/A,USD,9439.28,1.55,#N/A
SWAP_USD,true,IndexCurve/USD-LIBOR-3M/2/3M,0.000100,,0.000000,EUR,8336.11,0.00,#N/A,USD,9439.28,0.00,#N/A
SWAP_USD,true,IndexCurve/USD-LIBOR-3M/3/6M,0.000100,,0.000000,EUR,8336.11,0.00,#N/A,USD,9439.28,0.00,#N/A
SWAP_USD,true,IndexCurve/USD-LIBOR-3M/4/9M,0.000100,,0.000000,EUR,8336.11,0.00,#N/A,USD,9439.28,0.00,#N/A
SWAP_USD,true,IndexCurve/USD-LIBOR-3M/5/1Y,0.000100,,0.000000,EUR,8336.11,-0.06,#N/A,USD,9439.28,-0.07,#N/A
SWAP_USD,true,IndexCurve/USD-LIBOR-3M/6/2Y,0.000100,,0.000000,EUR,8336.11,-0.15,#N/A,USD,9439.28,-0.17,#N/A
SWAP_USD,true,IndexCurve/USD-LIBOR-3M/7/3Y,0.000100,,0.000000,EUR,8336.11,-0.23,#N/A,USD,9439.28,-0.27,#N/A
SWAP_USD,true,IndexCurve/USD-LIBOR-3M/8/4Y,0.000100,,0.000000,EUR,8336.11,-0.31,#N/A,USD,9439.28,-0.36,#N/A
SWAP_USD,true,IndexCurve/USD-LIBOR-3M/9/5Y,0.000100,,0.000000,EUR,8336.11,-0.59,#N/A,USD,9439.28,-0.67,#N/A
SWAP_USD,true,IndexCurve/USD-LIBOR-3M/10/7Y,0.000100,,0.000000,EUR,8336.11,-1.42,#N/A,USD,9439.28,-1.61,#N/A
SWAP_USD,true,IndexCurve/USD-LIBOR-3M/11/10Y,0.000100,,0.000000,EUR,8336.11,-8013.15,#N/A,USD,9439.28,-9073.58,#N/A
SWAP_USD,true,FXSpot/USDEUR/0/spot,0.008831,,0.000000,EUR,8336.11,83.36,#N/A,USD,9439.28,94.39,#N/A
YearOnYear_Swap,true,DiscountCurve/EUR/0/2W,0.000100,,0.000000,EUR,590527.80,-0.66,#N/A,EUR,590527.80,-0.66,#N/A
YearOnYear_Swap,true,DiscountCurve/EUR/3/6M,0.000100,,0.000000,EUR,590527.80,-0.06,#N/A,EUR,590527.80,-0.06,#N/A
YearOnYear_Swap,true,DiscountCurve/EUR/4/9M,0.000100,,0.000000,EUR,590527.80,-0.11,#N/A,EUR,590527.80,-0.11,#N/A
YearOnYear_Swap,true,DiscountCurve/EUR/5/1Y,0.000100,,0.000000,EUR,590527.80,-7.25,#N/A,EUR,590527.80,-7.25,#N/A
YearOnYear_Swap,true,DiscountCurve/EUR/6/2Y,0.000100,,0.000000,EUR,590527.80,-24.23,#N/A,EUR,590527.80,-24.23,#N/A
YearOnYear_Swap,true,DiscountCurve/EUR/7/3Y,0.000100,,0.000000,EUR,590527.80,-36.21,#N/A,EUR,590527.80,-36.21,#N/A
YearOnYear_Swap,true,DiscountCurve/EUR/8/4Y,0.000100,,0.000000,EUR,590527.80,-48.21,#N/A,EUR,590527.80,-48.21,#N/A
YearOnYear_Swap,true,DiscountCurve/EUR/9/5Y,0.000100,,0.000000,EUR,590527.80,-66.08,#N/A,EUR,590527.80,-66.08,#N/A
YearOnYear_Swap,true,DiscountCurve/EUR/10/7Y,0.000100,,0.000000,EUR,590527.80,-23.64,#N/A,EUR,590527.80,-23.64,#N/A
YearOnYear_Swap,true,IndexCurve/EUR-EURIBOR-6M/0/2W,0.000100,,0.000000,EUR,590527.80,0.00,#N/A,EUR,590527.80,0.00,#N/A
YearOnYear_Swap,true,IndexCurve/EUR-EURIBOR-6M/2/3M,0.000100,,0.000000,EUR,590527.80,59.94,#N/A,EUR,590527.80,59.94,#N/A
YearOnYear_Swap,true,IndexCurve/EUR-EURIBOR-6M/3/6M,0.000100,,0.000000,EUR,590527.80,384.95,#N/A,EUR,590527.80,384.95,#N/A
YearOnYear_Swap,true,IndexCurve/EUR-EURIBOR-6M/4/9M,0.000100,,0.000000,EUR,590527.80,0.33,#N/A,EUR,590527.80,0.33,#N/A
YearOnYear_Swap,true,IndexCurve/EUR-EURIBOR-6M/5/1Y,0.000100,,0.000000,EUR,590527.80,-0.27,#N/A,EUR,590527.80,-0.27,#N/A
YearOnYear_Swap,true,IndexCurve/EUR-EURIBOR-6M/6/2Y,0.000100,,0.000000,EUR,590527.80,0.03,#N/A,EUR,590527.80,0.03,#N/A
YearOnYear_Swap,true,IndexCurve/EUR-EURIBOR-6M/7/3Y,0.000100,,0.000000,EUR,590527.80,-0.05,#N/A,EUR,590527.80,-0.05,#N/A
YearOnYear_Swap,true,IndexCurve/EUR-EURIBOR-6M/8/4Y,0.000100,,0.000000,EUR,590527.80,-0.01,#N/A,EUR,590527.80,-0.01,#N/A
YearOnYear_Swap,true,IndexCurve/EUR-EURIBOR-6M/9/5Y,0.000100,,0.000000,EUR,590527.80,-3928.62,#N/A,EUR,590527.80,-3928.62,#N/A
YearOnYear_Swap,true,IndexCurve/EUR-EURIBOR-6M/10/7Y,0.000100,,0.000000,EUR,590527.80,-1549.99,#N/A,EUR,590527.80,-1549.99,#N/A
YearOnYear_Swap,true,YoYInflationCurve/EUHICPXT/1/1Y,0.000100,,0.000000,EUR,590527.80,-501.69,#N/A,EUR,590527.80,-501.69,#N/A
YearOnYear_Swap,true,YoYInflationCurve/EUHICPXT/2/2Y,0.000100,,0.000000,EUR,590527.80,4.33,#N/A,EUR,590527.80,4.33,#N/A
YearOnYear_Swap,true,YoYInflationCurve/EUHICPXT/3/3Y,0.000100,,0.000000,EUR,590527.80,-6.19,#N/A,EUR,590527.80,-6.19,#N/A
YearOnYear_Swap,true,YoYInflationCurve/EUHICPXT/4/4Y,0.000100,,0.000000,EUR,590527.80,-658.89,#N/A,EUR,590527.80,-658.89,#N/A
YearOnYear_Swap,true,YoYInflationCurve/EUHICPXT/5/5Y,0.000100,,0.000000,EUR,590527.80,5034.54,#N/A,EUR,590527.80,5034.54,#N/A
YearOnYear_Swap,true,YoYInflationCurve/EUHICPXT/6/7Y,0.000100,,0.000000,EUR,590527.80,1168.05,#N/A,EUR,590527.80,1168.05,#N/A
INDEX_CDS_TRANCHE,true,DiscountCurve/EUR/0/2W,0.000100,,0.000000,EUR,-107.94,0.00,#N/A,EUR,-107.94,0.00,#N/A
INDEX_CDS_TRANCHE,true,DiscountCurve/EUR/1/1M,0.000100,,0.000000,EUR,-107.94,0.00,#N/A,EUR,-107.94,0.00,#N/A
INDEX_CDS_TRANCHE,true,DiscountCurve/EUR/2/3M,0.000100,,0.000000,EUR,-107.94,0.00,#N/A,EUR,-107.94,0.00,#N/A
INDEX_CDS_TRANCHE,true,DiscountCurve/EUR/3/6M,0.000100,,0.000000,EUR,-107.94,-0.01,#N/A,EUR,-107.94,-0.01,#N/A
INDEX_CDS_TRANCHE,true,DiscountCurve/EUR/4/9M,0.000100,,0.000000,EUR,-107.94,-0.01,#N/A,EUR,-107.94,-0.01,#N/A
INDEX_CDS_TRANCHE,true,DiscountCurve/EUR/5/1Y,0.000100,,0.000000,EUR,-107.94,-0.03,#N/A,EUR,-107.94,-0.03,#N/A
INDEX_CDS_TRANCHE,true,DiscountCurve/EUR/6/2Y,0.000100,,0.000000,EUR,-107.94,-0.05,#N/A,EUR,-107.94,-0.05,#N/A
INDEX_CDS_TRANCHE,true,DiscountCurve/EUR/7/3Y,0.000100,,0.000000,EUR,-107.94,-0.03,#N/A,EUR,-107.94,-0.03,#N/A
INDEX_CDS_TRANCHE,true,DiscountCurve/EUR/8/4Y,0.000100,,0.000000,EUR,-107.94,0.01,#N/A,EUR,-107.94,0.01,#N/A
INDEX_CDS_TRANCHE,true,DiscountCurve/EUR/9/5Y,0.000100,,0.000000,EUR,-107.94,0.10,#N/A,EUR,-107.94,0.10,#N/A
INDEX_CDS_TRANCHE,true,DiscountCurve/EUR/10/7Y,0.000100,,0.000000,EUR,-107.94,0.42,#N/A,EUR,-107.94,0.42,#N/A
INDEX_CDS_TRANCHE,true,DiscountCurve/EUR/11/10Y,0.000100,,0.000000,EUR,-107.94,0.57,#N/A,EUR,-107.94,0.57,#N/A
INDEX_CDS_TRANCHE,true,DiscountCurve/EUR/12/15Y,0.000100,,0.000000,EUR,-107.94,0.00,#N/A,EUR,-107.94,0.00,#N/A
INDEX_CDS_TRANCHE,true,DiscountCurve/USD/0/2W,0.000100,,0.000000,EUR,-107.94,0.05,#N/A,EUR,-107.94,0.05,#N/A
INDEX_CDS_TRANCHE,true,DiscountCurve/USD/1/1M,0.000100,,0.000000,EUR,-107.94,-0.09,#N/A,EUR,-107.94,-0.09,#N/A
INDEX_CDS_TRANCHE,true,DiscountCurve/USD/2/3M,0.000100,,0.000000,EUR,-107.94,0.04,#N/A,EUR,-107.94,0.04,#N/A
INDEX_CDS_TRANCHE,true,DiscountCurve/USD/3/6M,0.000100,,0.000000,EUR,-107.94,0.00,#N/A,EUR,-107.94,0.00,#N/A
INDEX_CDS_TRANCHE,true,DiscountCurve/USD/4/9M,0.000100,,0.000000,EUR,-107.94,0.00,#N/A,EUR,-107.94,0.00,#N/A
INDEX_CDS_TRANCHE,true,DiscountCurve/USD/5/1Y,0.000100,,0.000000,EUR,-107.94,0.00,#N/A,EUR,-107.94,0.00,#N/A
INDEX_CDS_TRANCHE,true,DiscountCurve/USD/6/2Y,0.000100,,0.000000,EUR,-107.94,0.00,#N/A,EUR,-107.94,0.00,#N/A
INDEX_CDS_TRANCHE,true,DiscountCurve/USD/7/3Y,0.000100,,0.000000,EUR,-107.94,0.01,#N/A,EUR,-107.94,0.01,#N/A
INDEX_CDS_TRANCHE,true,DiscountCurve/USD/8/4Y,0.000100,,0.000000,EUR,-107.94,0.01,#N/A,EUR,-107.94,0.01,#N/A
INDEX_CDS_TRANCHE,true,DiscountCurve/USD/9/5Y,0.000100,,0.000000,EUR,-107.94,0.02,#N/A,EUR,-107.94,0.02,#N/A
INDEX_CDS_TRANCHE,true,DiscountCurve/USD/10/7Y,0.000100,,0.000000,EUR,-107.94,0.04,#N/A,EUR,-107.94,0.04,#N/A
INDEX_CDS_TRANCHE,true,DiscountCurve/USD/11/10Y,0.000100,,0.000000,EUR,-107.94,0.75,#N/A,EUR,-107.94,0.75,#N/A
INDEX_CDS_TRANCHE,true,DiscountCurve/USD/12/15Y,0.000100,,0.000000,EUR,-107.94,0.05,#N/A,EUR,-107.94,0.05,#N/A
INDEX_CDS_TRANCHE,true,IndexCurve/EUR-EURIBOR-3M/5/1Y,0.000100,,0.000000,EUR,-107.94,0.00,#N/A,EUR,-107.94,0.00,#N/A
INDEX_CDS_TRANCHE,true,IndexCurve/EUR-EURIBOR-3M/6/2Y,0.000100,,0.000000,EUR,-107.94,0.00,#N/A,EUR,-107.94,0.00,#N/A
INDEX_CDS_TRANCHE,true,IndexCurve/EUR-EURIBOR-3M/7/3Y,0.000100,,0.000000,EUR,-107.94,0.01,#N/A,EUR,-107.94,0.01,#N/A
INDEX_CDS_TRANCHE,true,IndexCurve/EUR-EURIBOR-3M/8/4Y,0.000100,,0.000000,EUR,-107.94,0.01,#N/A,EUR,-107.94,0.01,#N/A
INDEX_CDS_TRANCHE,true,IndexCurve/EUR-EURIBOR-3M/9/5Y,0.000100,,0.000000,EUR,-107.94,0.02,#N/A,EUR,-107.94,0.02,#N/A
INDEX_CDS_TRANCHE,true,IndexCurve/EUR-EURIBOR-3M/10/7Y,0.000100,,0.000000,EUR,-107.94,0.04,#N/A,EUR,-107.94,0.04,#N/A
INDEX_CDS_TRANCHE,true,IndexCurve/EUR-EURIBOR-3M/11/10Y,0.000100,,0.000000,EUR,-107.94,0.74,#N/A,EUR,-107.94,0.74,#N/A
INDEX_CDS_TRANCHE,true,IndexCurve/EUR-EURIBOR-3M/12/15Y,0.000100,,0.000000,EUR,-107.94,0.05,#N/A,EUR,-107.94,0.05,#N/A
INDEX_CDS_TRANCHE,true,IndexCurve/USD-LIBOR-3M/2/3M,0.000100,,0.000000,EUR,-107.94,0.00,#N/A,EUR,-107.94,0.00,#N/A
INDEX_CDS_TRANCHE,true,IndexCurve/USD-LIBOR-3M/3/6M,0.000100,,0.000000,EUR,-107.94,0.00,#N/A,EUR,-107.94,0.00,#N/A
INDEX_CDS_TRANCHE,true,IndexCurve/USD-LIBOR-3M/4/9M,0.000100,,0.000000,EUR,-107.94,0.00,#N/A,EUR,-107.94,0.00,#N/A
INDEX_CDS_TRANCHE,true,IndexCurve/USD-LIBOR-3M/5/1Y,0.000100,,0.000000,EUR,-107.94,0.00,#N/A,EUR,-107.94,0.00,#N/A
INDEX_CDS_TRANCHE,true,IndexCurve/USD-LIBOR-3M/6/2Y,0.000100,,0.000000,EUR,-107.94,0.00,#N/A,EUR,-107.94,0.00,#N/A
INDEX_CDS_TRANCHE,true,IndexCurve/USD-LIBOR-3M/7/3Y,0.000100,,0.000000,EUR,-107.94,0.00,#N/A,EUR,-107.94,0.00,#N/A
INDEX_CDS_TRANCHE,true,IndexCurve/USD-LIBOR-3M/8/4Y,0.000100,,0.000000,EUR,-107.94,0.00,#N/A,EUR,-107.94,0.00,#N/A
INDEX_CDS_TRANCHE,true,IndexCurve/USD-LIBOR-3M/9/5Y,0.000100,,0.000000,EUR,-107.94,0.00,#N/A,EUR,-107.94,0.00,#N/A
INDEX_CDS_TRANCHE,true,IndexCurve/USD-LIBOR-3M/10/7Y,0.000100,,0.000000,EUR,-107.94,-0.02,#N/A,EUR,-107.94,-0.02,#N/A
INDEX_CDS_TRANCHE,true,IndexCurve/USD-LIBOR-3M/11/10Y,0.000100,,0.000000,EUR,-107.94,-0.78,#N/A,EUR,-107.94,-0.78,#N/A
INDEX_CDS_TRANCHE,true,IndexCurve/USD-LIBOR-3M/12/15Y,0.000100,,0.000000,EUR,-107.94,-0.06,#N/A,EUR,-107.94,-0.06,#N/A
INDEX_CDS_TRANCHE,true,SurvivalProbability/CPTY_1/0/6M,0.000100,,0.000000,EUR,-107.94,0.15,#N/A,EUR,-107.94,0.15,#N/A
INDEX_CDS_TRANCHE,true,SurvivalProbability/CPTY_1/1/1Y,0.000100,,0.000000,EUR,-107.94,0.14,#N/A,EUR,-107.94,0.14,#N/A
INDEX_CDS_TRANCHE,true,SurvivalProbability/CPTY_1/2/2Y,0.000100,,0.000000,EUR,-107.94,-0.37,#N/A,EUR,-107.94,-0.37,#N/A
INDEX_CDS_TRANCHE,true,SurvivalProbability/CPTY_1/3/3Y,0.000100,,0.000000,EUR,-107.94,-0.74,#N/A,EUR,-107.94,-0.74,#N/A
INDEX_CDS_TRANCHE,true,SurvivalProbability/CPTY_1/4/4Y,0.000100,,0.000000,EUR,-107.94,-1.23,#N/A,EUR,-107.94,-1.23,#N/A
INDEX_CDS_TRANCHE,true,SurvivalProbability/CPTY_1/5/5Y,0.000100,,0.000000,EUR,-107.94,-1.53,#N/A,EUR,-107.94,-1.53,#N/A
INDEX_CDS_TRANCHE,true,SurvivalProbability/CPTY_1/6/7Y,0.000100,,0.000000,EUR,-107.94,-0.02,#N/A,EUR,-107.94,-0.02,#N/A
INDEX_CDS_TRANCHE,true,SurvivalProbability/CPTY_1/7/10Y,0.000100,,0.000000,EUR,-107.94,967.72,#N/A,EUR,-107.94,967.72,#N/A
INDEX_CDS_TRANCHE,true,SurvivalProbability/CPTY_1/8/12Y,0.000100,,0.000000,EUR,-107.94,159.74,#N/A,EUR,-107.94,159.74,#N/A
INDEX_CDS_TRANCHE,true,BaseCorrelation/CDXIG/2/0.1/1D,0.010000,,0.000000,EUR,-107.94,-362.14,#N/A,EUR,-107.94,-362.14,#N/A
